variable,1 - 0,1,0,all_mean,categories,display_names,Count
communal_establishments_with_persons_sleeping_rough_identified,6.572504708,0.001883239,0,0.000286533,Economic,communal_establishments_with_persons_sleeping_rough_identified,0
household_social_rented_rented_from_council_local_authority,3.752333192,40.96233522,4.203447111,9.796275072,Social,households_social_rented_rented_from_council_local_authority,1
ethnicty_black_other,3.606638816,8.5913371,0.955390335,2.117191977,Demographic,people_ethnicty_black_other,2
ethnicty_black_African,3.304838634,15.20150659,1.987833728,3.998280802,Demographic,people_ethnicty_black_African,3
ethnicty_black,3.099804111,31.09416196,4.528218993,8.570200573,Demographic,people_ethnicty_black,4
religion_Muslim,2.979248011,26.51035782,4.110510308,7.518624642,Demographic,people_religion_Muslim,5
male_lone_parent_not_in_employment,2.793876256,1.037664783,0.177086854,0.308022923,Social,households_male_lone_parent_not_in_employment,6
households_main_language_no_age_16_plus_English_some_age_3_to_15_English,2.696526095,2.22787194,0.399797229,0.677936963,Demographic,households_main_language_no_age_16_plus_English_some_age_3_to_15_English,7
females_unemployed_never_worked,2.582444887,1.27306968,0.242311592,0.399140401,Economic,females_unemployed_never_worked,8
household_social_rented,2.552240949,60.2259887,11.64346063,19.03524355,Social,households_social_rented,9
ethnicty_asian_Bangladeshi,2.512213825,2.564971751,0.506252112,0.819484241,Demographic,people_ethnicty_asian_Bangladeshi,10
lone_parent_not_in_employment,2.470812782,11.14689266,2.247718824,3.601719198,Social,households_lone_parent_not_in_employment,11
female_lone_parent_not_in_employment,2.440600235,10.10922787,2.07063197,3.293696275,Social,households_female_lone_parent_not_in_employment,12
households_with_no_adults_in_employment_dependent_children,2.432791129,14.70244821,3.023656641,4.800573066,Social,households_no_adults_in_employment_dependent_children,13
ethnicty_asian_Pakistani,2.366361123,6.755178908,1.437985806,2.246991404,Demographic,people_ethnicty_asian_Pakistani,14
ethnicty_black_Caribbean,2.32869948,7.301318267,1.584994931,2.454727794,Demographic,people_ethnicty_black_Caribbean,15
people_unemployed_never_worked,2.321942469,2.913370998,0.634673876,0.981375358,Economic,people_unemployed_never_worked,16
females_NS_SeC_never_worked,2.174478836,9.945386064,2.340317675,3.497421203,Economic,females_NS_SeC_never_worked,17
males_unemployed_never_worked,2.143359856,1.640301318,0.392362285,0.582234957,Economic,males_unemployed_never_worked,18
people_NS_SeC_never_worked,1.990141628,15.35404896,3.983440351,5.713467049,Economic,people_NS_SeC_never_worked,19
females_NS_SeC_never_worked_long_term_unemployed,1.988553452,12.60263653,3.272389321,4.691977077,Economic,females_NS_SeC_never_worked_long_term_unemployed,20
medical_and_care_establishment_registered_social_landlord_housing_association,1.860530708,0.037664783,0.010476512,0.014613181,Environmental,medical_and_care_establishment_registered_social_landlord_housing_association,21
people_NS_SeC_never_worked_long_term_unemployed,1.806246021,21.6440678,6.200405542,8.550143266,Economic,people_NS_SeC_never_worked_long_term_unemployed,22
1_person_household_lone_parent_2_plus_dependent_children,1.72449556,34.90207156,10.45623521,14.1756447,Social,households_1_person_lone_parent_2_plus_dependent_children,23
males_NS_SeC_never_worked,1.69921585,5.4086629,1.643122677,2.216045845,Economic,males_NS_SeC_never_worked,24
ethnicty_mixed_white_black_Caribbean,1.6698718,7.293785311,2.2521122,3.019197708,Demographic,people_ethnicty_mixed_white_black_Caribbean,25
other_household_no_adults_or_1_adult_and_1_plus_children,1.651866244,42.75706215,13.33491044,17.81146132,Social,people_other_no_adults_or_1_adult_and_1_plus_children,26
country_of_birth_United_Kingdom_not_otherwise_specified,1.621254609,0.105461394,0.033457249,0.044412607,Demographic,people_country_of_birth_United_Kingdom_not_otherwise_specified,27
households_occupancy_rating_bedrooms_of_minus_1_or_less,1.595609565,10.55743879,3.397769517,4.487106017,Social,households_occupancy_rating_bedrooms_of_minus_1_or_less,28
males_NS_SeC_never_worked_long_term_unemployed,1.584539063,9.041431262,2.928016222,3.858166189,Economic,males_NS_SeC_never_worked_long_term_unemployed,29
1_person_households_lone_parent_2_plus_dependent_children,1.580786515,9.241054614,2.998986144,3.948710602,Social,people_1_person_households_lone_parent_2_plus_dependent_children,30
male_lone_parent_part_time_employment,1.573054033,0.369114878,0.120310916,0.158166189,Social,households_male_lone_parent_part_time_employment,31
males_ecominically_inactive_long_term_sick_or_disabled,1.567336297,10.08286252,3.297059818,4.329512894,Economic,males_ecominically_inactive_long_term_sick_or_disabled,32
other_households_no_adults_or_1_adult_and_1_plus_children,1.552813594,15.62711864,5.152078405,6.745845272,Social,households_other_no_adults_or_1_adult_and_1_plus_children,33
males_ecominically_inactive_looking_after_home_or_family,1.532936622,1.604519774,0.534978033,0.697707736,Economic,males_ecominically_inactive_looking_after_home_or_family,34
people_ecominically_inactive_long_term_sick_or_disabled,1.505086016,18.30131827,6.199391686,8.040687679,Economic,people_ecominically_inactive_long_term_sick_or_disabled,35
ethnicty_other_other,1.468535049,2.36346516,0.817505914,1.052722063,Demographic,people_ethnicty_other_other,36
female_lone_parent,1.468297528,17.90772128,6.19499831,7.977077364,Social,households_female_lone_parent,37
lone_parent_households_dependent_children,1.467163355,21.91148776,7.584994931,9.764756447,Social,people_lone_parent_dependent_children,38
one_family_household_lone_parent_dependent_children,1.457561707,20.10357815,6.997634336,8.991690544,Social,households_one_family_lone_parent_dependent_children,39
lone_parent_dependent_children,1.454741489,19.95856874,6.958431903,8.936389685,Social,households_lone_parent_dependent_children,40
females_NS_SeC_long_term_unemployed,1.444201031,2.657250471,0.932071646,1.194555874,Economic,females_NS_SeC_long_term_unemployed,41
females_unemployed_long_term_unemployed,1.444201031,2.657250471,0.932071646,1.194555874,Economic,females_unemployed_long_term_unemployed,42
people_NS_SeC_long_term_unemployed,1.435854264,6.290018832,2.216965191,2.836676218,Economic,people_NS_SeC_long_term_unemployed,43
people_unemployed_long_term_unemployed,1.435854264,6.290018832,2.216965191,2.836676218,Economic,people_unemployed_long_term_unemployed,44
females_ecominically_inactive_long_term_sick_or_disabled,1.432463892,8.218455744,2.902331869,3.711174785,Economic,females_ecominically_inactive_long_term_sick_or_disabled,45
males_unemployed_long_term_unemployed,1.429782431,3.632768362,1.284893545,1.642120344,Economic,males_unemployed_long_term_unemployed,46
males_NS_SeC_long_term_unemployed,1.429782431,3.632768362,1.284893545,1.642120344,Economic,males_NS_SeC_long_term_unemployed,47
females_unemployed_age_16_to_24,1.41603038,1.700564972,0.606285907,0.77277937,Economic,females_unemployed_age_16_to_24,48
people_unemployed_age_16_to_24,1.388461923,4.61393597,1.671510645,2.119197708,Economic,people_unemployed_age_16_to_24,49
males_unemployed_age_16_to_24,1.372638955,2.913370998,1.065224738,1.346418338,Economic,males_unemployed_age_16_to_24,50
age_of_HRP_65_plus_2_person_household_dependent_children,1.361617377,0.706214689,0.259885096,0.327793696,Social,people_age_of_HRP_65_plus_2_person_household_dependent_children,51
1_person_households_lone_parent_1_dependent_child,1.361075282,10.86252354,3.998648192,5.042979943,Social,people_1_person_households_lone_parent_1_dependent_child,52
1_person_household_lone_parent,1.355969827,71.67608286,26.46400811,33.34297994,Social,households_1_person_lone_parent,53
religion_Sikh,1.350106243,1.838041431,0.680973302,0.857020057,Demographic,people_religion_Sikh,54
1_person_household_lone_parent_1_dependent_child,1.345290923,23.27495292,8.647516053,10.8730659,Social,households_1_person_lone_parent_1_dependent_child,55
male_lone_parent,1.34201744,2.050847458,0.763433592,0.959312321,Social,households_male_lone_parent,56
age_25_to_34_youngest_dependent_child_age_5_to_10,1.310072522,5.310734463,2.014531936,2.516045845,Social,people_age_25_to_34_youngest_dependent_child_age_5_to_10,57
females_ecominically_inactive_other,1.307279006,4.510357815,1.713754647,2.139255014,Economic,females_ecominically_inactive_other,58
household_social_rented_other,1.279757582,19.26365348,7.440013518,9.238968481,Social,households_social_rented_other,59
1_person_households_lone_parent,1.239732304,26.2165725,10.37073336,12.78166189,Social,people_1_person_households_lone_parent,60
one_family_household_lone_parent,1.239732304,26.2165725,10.37073336,12.78166189,Social,households_one_family_lone_parent,61
age_of_HRP_35_less_2_person_household_dependent_children,1.230834655,18.09227872,7.195336262,8.853295129,Social,people_age_of_HRP_35_less_2_person_household_dependent_children,62
males_unemployed,1.205146253,9.489642185,3.833051707,4.693696275,Economic,males_unemployed,63
age_25_to_34_youngest_dependent_child_age_11_to_15,1.19366694,1.278719397,0.520108145,0.635530086,Social,people_age_25_to_34_youngest_dependent_child_age_11_to_15,64
people_unemployed,1.17371282,15.47457627,6.371071308,7.756160458,Economic,people_unemployed,65
people_ecominically_inactive_other,1.17229559,8.092278719,3.334572491,4.058452722,Economic,people_ecominically_inactive_other,66
other_household_2_plus_dependent_children,1.160363259,12.54237288,5.206150727,6.32234957,Social,households_other_2_plus_dependent_children,67
other_households_2_plus_dependent_children,1.143486348,2.312617702,0.969922271,1.174212034,Social,people_other_households_2_plus_dependent_children,68
disability_daily_activities_limited_a_lot_age_16_to_64,1.13166433,18.94915254,8.005407232,9.670487106,Demographic,people_disability_daily_activities_limited_a_lot_age_16_to_64,69
females_unemployed,1.125536261,5.984934087,2.538019601,3.062464183,Economic,females_unemployed,70
households_no_cars_no_vans,1.057999539,53.35969868,23.60020277,28.12808023,Social,households_no_cars_no_vans,71
flat_maisonette_or_apartment_block_of_flats_or_tenemen,1.056552748,38.6346516,17.10307536,20.37908309,Environmental,flat_maisonette_or_apartment_block_of_flats_or_tenemen,72
ethnicty_other,1.037868581,3.131826742,1.402838797,1.665902579,Demographic,people_ethnicty_other,73
males_ecominically_inactive_other,1.021834828,3.581920904,1.620817844,1.919197708,Economic,males_ecominically_inactive_other,74
people_ecominically_inactive_looking_after_home_or_family,0.996907203,14.89453861,6.847583643,8.071919771,Economic,people_ecominically_inactive_looking_after_home_or_family,75
households_main_language_no_age_16_plus_English_no_age_3_to_15_English,0.995341662,7.52354049,3.462318351,4.080229226,Demographic,households_main_language_no_age_16_plus_English_no_age_3_to_15_English,76
lone_parent_part_time_employment,0.990412514,5.983050847,2.762081784,3.252148997,Social,households_lone_parent_part_time_employment,77
females_NS_SeC_routine,0.965949121,16.04143126,7.522811761,8.818911175,Economic,females_NS_SeC_routine,78
female_lone_parent_part_time_employment,0.960627542,5.61393597,2.641770869,3.093982808,Social,households_female_lone_parent_part_time_employment,79
households_with_one_person_with_long_term_health_problem_or_disability_dependent_children,0.953371968,9.787193974,4.627238932,5.412320917,Social,households_one_person_long_term_health_problem_or_disability_dependent_children,80
ethnicty_mixed,0.952045456,12.44632768,5.889489692,6.887106017,Demographic,people_ethnicty_mixed,81
females_ecominically_inactive_looking_after_home_or_family,0.946191022,13.29001883,6.31260561,7.374212034,Economic,females_ecominically_inactive_looking_after_home_or_family,82
ethnicty_asian,0.929628008,19.01318267,9.128759716,10.63266476,Demographic,people_ethnicty_asian,83
very_bad_health,0.916059697,6.037664783,2.924636702,3.398280802,Demographic,people_very_bad_health,84
other_household_types_dependent_children,0.901713378,4.31826742,2.111524164,2.447277937,Social,households_other_types_dependent_children,85
people_NS_SeC_routine,0.89399372,38.93785311,19.13653261,22.14928367,Economic,people_NS_SeC_routine,86
country_of_birth_other,0.866990725,33.15442561,16.58769855,19.10830946,Demographic,people_country_of_birth_other,87
ethnicty_mixed_white_black_African,0.854771219,1.224105461,0.617438324,0.70974212,Demographic,people_ethnicty_mixed_white_black_African,88
males_NS_SeC_routine,0.846390527,22.89642185,11.61372085,13.33037249,Economic,males_NS_SeC_routine,89
household_living_rent_free,0.844444168,2.8173258,1.430888814,1.641833811,Social,households_living_rent_free,90
households_occupancy_rating_rooms_of_minus_1_or_less,0.808729025,18.42561205,9.585670835,10.93065903,Social,households_occupancy_rating_rooms_of_minus_1_or_less,91
age_25_to_34_youngest_dependent_child_age_16_to_18,0.793956959,0.367231638,0.192970598,0.219484241,Social,people_age_25_to_34_youngest_dependent_child_age_16_to_18,92
bad_health,0.771530013,19.29943503,10.29773572,11.66733524,Demographic,people_bad_health,93
lone_parent_households_no_dependent_children,0.741325516,6.830508475,3.721189591,4.194269341,Social,households_lone_parent_no_dependent_children,94
1_person_household_lone_parent_all_children_not_dependent,0.740125656,13.49905838,7.360256844,8.294269341,Social,households_1_person_lone_parent_all_children_not_dependent,95
people_no_qualifications,0.73433719,78.00376648,42.70192633,48.0730659,Economic,people_no_qualifications,96
1_person_households_lone_parent_all_children_not_dependent,0.722932993,6.11299435,3.37309902,3.789971347,Social,people_1_person_households_lone_parent_all_children_not_dependent,97
one_family_household_lone_parent_no_dependent_children,0.722932993,6.11299435,3.37309902,3.789971347,Social,households_one_family_lone_parent_no_dependent_children,98
nationality_other_only,0.706906752,31.70244821,17.69009801,19.82206304,Demographic,people_nationality_other_only,99
1_family_only_household_cohabiting_couple_2_plus_dependent_children,0.697857266,17.88700565,10.04460967,11.23782235,Social,households_1_family_only_cohabiting_couple_2_plus_dependent_children,100
not_living_in_couple_separated_but_still_legally_married_or_still_legally_in_a_same_sex_civil_partnership,0.69758912,7.235404896,4.06387293,4.546418338,Social,people_not_living_in_couple_separated_but_still_legally_married_or_still_legally_in_a_same_sex_civil_partnership,101
people_not_living_in_a_couple_separated_but_still_legally_married_or_still_legally_in_a_same_sex_civil_partnership,0.69758912,7.235404896,4.06387293,4.546418338,Social,people_not_living_in_a_couple_separated_but_still_legally_married_or_still_legally_in_a_same_sex_civil_partnership,102
age_65_to_74_dependent_children,0.688531688,0.992467043,0.561000338,0.626647564,Social,people_age_65_to_74_dependent_children,103
ethnicty_mixed_other,0.681831235,2.239171375,1.271713417,1.418911175,Demographic,people_ethnicty_mixed_other,104
ethnicty_asian_Indian,0.679658076,5.048964218,2.871916188,3.203151862,Demographic,people_ethnicty_asian_Indian,105
other_households_1_dependent_child,0.678714137,2.005649718,1.141601893,1.273065903,Social,people_other_households_1_dependent_child,106
1_family_only_household_cohabiting_couple_all_children_not_dependent,0.677251083,2.785310734,1.587022643,1.769340974,Social,households_1_family_only_cohabiting_couple_all_children_not_dependent,107
ethnicty_asian_other,0.662903814,3.355932203,1.931733694,2.148424069,Demographic,people_ethnicty_asian_other,108
males_unemployed_age_50_to_74,0.65868859,1.482109228,0.855694491,0.951002865,Economic,males_unemployed_age_50_to_74,109
1_family_only_households_cohabiting_couple_all_children_not_dependent,0.648177632,0.834274953,0.485299088,0.538395415,Social,people_1_family_only_households_cohabiting_couple_all_children_not_dependent,110
one_family_household_cohabiting_couple_no_dependent_children,0.648177632,0.834274953,0.485299088,0.538395415,Social,households_one_family_cohabiting_couple_no_dependent_children,111
age_1,0.637991999,5.905838041,3.460628591,3.832664756,Demographic,people_age_1,112
other_household_2_adults_and_3_plus_children,0.630380073,25.71751412,15.15241636,16.75988539,Social,people_other_2_adults_and_3_plus_children,113
age_0,0.629695786,6.02259887,3.550185874,3.926361032,Demographic,people_age_0,114
males_occupation_elementary,0.628587878,13.32391714,7.86042582,8.691690544,Economic,males_occupation_elementary,115
1_family_only_households_cohabiting_couple_2_plus_dependent_children,0.626913829,3.883239171,2.293680297,2.535530086,Social,people_1_family_only_households_cohabiting_couple_2_plus_dependent_children,116
age_2,0.625630289,5.838041431,3.451503886,3.814613181,Demographic,people_age_2,117
age_16_to_24_dependent_children,0.621251891,23.20715631,13.76377154,15.20057307,Social,people_age_16_to_24_dependent_children,118
separated,0.616256009,8.651600753,5.149712741,5.68252149,Social,people_separated,119
age_0_to_4,0.611165723,28.90583804,17.26934775,19.03982808,Demographic,people_age_0_to_4,120
1_adult_in_household,0.605162405,49.38041431,29.63061845,32.63553009,Social,households_1_adult_in,121
other_household_1_dependent_child,0.601003181,7.715630885,4.643798581,5.111174785,Social,households_other_1_dependent_child,122
people_occupation_elementary,0.596807071,23.87382298,14.41297736,15.85243553,Economic,people_occupation_elementary,123
country_of_birth_other_EU_accession_countries_April_2001_to_March_2011,0.591051207,8.192090395,4.966542751,5.45730659,Demographic,people_country_of_birth_other_EU_accession_countries_April_2001_to_March_2011,124
age_4,0.590213064,5.514124294,3.345049003,3.675071633,Demographic,people_age_4,125
provides_50_plus_hours_unpaid_care_per_week,0.583871205,9.563088512,5.828320379,6.396561605,Social,people_provide_50_plus_hours_unpaid_care_per_week,126
age_5,0.583048319,5.229755179,3.189253126,3.499713467,Demographic,people_age_5,127
disability_daily_activities_limited_a_lot,0.578429069,35.02448211,21.43156472,23.49971347,Demographic,people_disability_daily_activities_limited_a_lot,128
age_25_to_34_youngest_dependent_child_age_0_to_4,0.572324628,17.53483992,10.77796553,11.80601719,Social,people_age_25_to_34_youngest_dependent_child_age_0_to_4,129
age_3,0.570611441,5.625235405,3.461980399,3.791117479,Demographic,people_age_3,130
other_households_2_adults_and_3_plus_children,0.563126953,4.685499058,2.899628253,3.171346705,Social,households_other_2_adults_and_3_plus_children,131
males_NS_SeC_semi_routine,0.561801359,16.35969868,10.13416695,11.08137536,Economic,males_NS_SeC_semi_routine,132
households_with_dependent_children_age_0_to_4,0.561626382,21.89265537,13.563366,14.83065903,Social,households_dependent_children_age_0_to_4,133
females_occupation_elementary,0.558231624,10.54990584,6.552551538,7.160744986,Economic,females_occupation_elementary,134
people_unemployed_age_50_to_74,0.555435509,2.107344633,1.311591754,1.432664756,Economic,people_unemployed_age_50_to_74,135
not_living_in_couple_married_or_registered_same_sex_civil_partnership,0.552696769,4.429378531,2.762419736,3.016045845,Social,people_not_living_in_couple_married_or_registered_same_sex_civil_partnership,136
people_not_living_in_a_couple_married_or_in_a_registered_same_sex_civil_partnership,0.552696769,4.429378531,2.762419736,3.016045845,Social,people_not_living_in_a_couple_married_or_in_a_registered_same_sex_civil_partnership,137
age_6,0.53985317,4.830508475,3.041568097,3.313753582,Demographic,people_age_6,138
cohabiting_couple_households_dependent_children,0.525364798,7.538606403,4.798580602,5.215472779,Social,households_cohabiting_couple_dependent_children,139
age_5_to_7,0.523904191,14.57062147,9.284893545,10.08911175,Demographic,people_age_5_to_7,140
one_family_household_cohabiting_couple_dependent_children,0.509243489,7.096045198,4.572152754,4.956160458,Social,households_one_family_cohabiting_couple_dependent_children,141
disability_daily_activities_limited_a_little_age_16_to_64,0.508320719,19.61016949,12.64413653,13.70401146,Demographic,people_disability_daily_activities_limited_a_little_age_16_to_64,142
people_NS_SeC_semi_routine,0.507883383,44.15254237,28.47786414,30.86275072,Economic,people_NS_SeC_semi_routine,143
provides_20_to_49_hours_unpaid_care_per_week,0.493322308,5.199623352,3.391010477,3.666189112,Social,people_provide_20_to_49_hours_unpaid_care_per_week,144
females_NS_SeC_semi_routine,0.477678944,27.79284369,18.34369719,19.78137536,Economic,females_NS_SeC_semi_routine,145
not_living_in_couple_divorced_or_formerly_in_same_sex_civil_partnership,0.474684493,21.94350282,14.51639067,15.64641834,Social,people_not_living_in_couple_divorced_or_formerly_in_same_sex_civil_partnership,146
people_not_living_in_a_couple_divorced_or_formerly_in_a_same_sex_civil_partnership_which_is_now_legally_dissolved,0.474684493,21.94350282,14.51639067,15.64641834,Social,people_not_living_in_a_couple_divorced_or_formerly_in_a_same_sex_civil_partnership_which_is_now_legally_dissolved,147
age_7,0.444579809,4.510357815,3.054072322,3.275644699,Demographic,people_age_7,148
age_8,0.443916722,4.348399247,2.945927678,3.159312321,Demographic,people_age_8,149
female_lone_parent_full_time_employment,0.441652653,2.184557439,1.482595471,1.589398281,Social,households_female_lone_parent_full_time_employment,150
lone_parent_full_time_employment,0.422561758,2.828625235,1.948631294,2.08252149,Social,households_lone_parent_full_time_employment,151
households_with_one_person_with_long_term_health_problem_or_disability,0.421568375,43.42561205,29.93916864,31.99111748,Social,households_one_person_with_long_term_health_problem_or_disability,152
shared_dwellings_two_household_spaces,0.420157703,0.073446328,0.050692802,0.054154728,Environmental,dwellings_shared_two_household_spaces,153
other_household_3_plus_adults_and_1_plus_children,0.413458534,36.20715631,25.12267658,26.80916905,Social,people_other_3_plus_adults_and_1_plus_children,154
households_with_no_adults_in_employment,0.401692151,55.80979284,39.08685367,41.63123209,Social,households_no_adults_in_employment,155
age_8_to_9,0.399676031,8.423728814,5.909090909,6.291690544,Demographic,people_age_8_to_9,156
males_industry_transport_storage,0.394784667,7.086629002,4.990537344,5.309455587,Economic,males_industry_transport_storage,157
males_occupation_process_plant_machine_operatives,0.394321339,10.7740113,7.590064211,8.074498567,Economic,males_occupation_process_plant_machine_operatives,158
1_family_only_household_cohabiting_couple_1_dependent_child,0.389634685,10.02071563,7.085839811,7.532378223,Social,households_1_family_only_cohabiting_couple_1_dependent_child,159
people_occupation_process_plant_machine_operatives,0.386516762,11.88888889,8.427847246,8.954441261,Economic,people_occupation_process_plant_machine_operatives,160
1_family_only_households_cohabiting_couple_1_dependent_child,0.385987708,3.212806026,2.278472457,2.420630372,Social,people_1_family_only_households_cohabiting_couple_1_dependent_child,161
people_highest_level_of_qualification_other,0.379349658,14.58945386,10.40182494,11.03896848,Economic,people_highest_level_of_qualification_other,162
age_12,0.373313591,4.433145009,3.176072998,3.367335244,Demographic,people_age_12,163
households_main_language_some_age_16_plus_English,0.363126778,4.536723164,3.277120649,3.468767908,Demographic,households_main_language_some_age_16_plus_English,164
male_lone_parent_full_time_employment,0.361029395,0.644067797,0.466035823,0.493123209,Social,households_male_lone_parent_full_time_employment,165
age_9,0.355054932,4.075329567,2.963163231,3.132378223,Demographic,people_age_9,166
age_of_HRP_35_to_54_1_person_household,0.354851306,14.97928437,10.89320716,11.51489971,Social,people_age_of_HRP_35_to_54_1_person_household,167
age_10,0.351875039,4.175141243,3.043595809,3.215759312,Demographic,people_age_10,168
females_unemployed_age_50_to_74,0.351570563,0.625235405,0.455897263,0.481661891,Economic,females_unemployed_age_50_to_74,169
fair_health,0.346409946,48.89830508,35.80500169,37.79713467,Demographic,people_fair_health,170
number_of_persons_per_hectare,0.346177443,71.96308843,52.70381886,55.63409741,Economic,people_per_hectare,171
ethnicity_white_gypsy_Irish_traveller,0.345816844,0.320150659,0.234538696,0.24756447,Demographic,people_ethnicity_white_gypsy_Irish_traveller,172
households_with_dependent_children_all_ages,0.341600463,45.98681733,33.80567759,35.65902579,Social,households_dependent_children_all_ages,173
age_10_to_14,0.334812071,21.59698682,15.96485299,16.8217765,Demographic,people_age_10_to_14,174
age_14,0.333715255,4.470809793,3.307874282,3.484813754,Demographic,people_age_14,175
people_industry_transport_storage,0.33306718,8.483992467,6.280500169,6.615759312,Economic,people_industry_transport_storage,176
age_of_HRP_35_less,0.318986282,33.36158192,24.98513011,26.25959885,Social,people_age_of_HRP_35_less,177
people_highest_level_of_qualification_Level_1_qualifications,0.318924903,40.79661017,30.5549172,32.11318052,Economic,people_highest_level_of_qualification_Level_1_qualifications,178
females_industry_administrative_support,0.31536158,3.900188324,2.929705982,3.077363897,Economic,females_industry_administrative_support,179
females_occupation_process_plant_machine_operatives,0.314900682,1.114877589,0.837783035,0.879942693,Economic,females_occupation_process_plant_machine_operatives,180
1_person_household_other,0.314521463,30.74952919,23.11422778,24.27593123,Social,households_1_person_other,181
1_person_households_other,0.314521463,30.74952919,23.11422778,24.27593123,Social,people_1_person_households_other,182
1_person_households_1_person_age_64_less,0.314521463,30.74952919,23.11422778,24.27593123,Social,people_1_person_1_person_age_64_less,183
one_person_household_other,0.314521463,30.74952919,23.11422778,24.27593123,Social,households_one_person_other,184
1_person_household_1_person_age_64_less,0.314521463,30.74952919,23.11422778,24.27593123,Social,households_1_person_1_person_age_64_less,185
households_with_one_person_with_long_term_health_problem_or_disability_no_dependent_children,0.313275597,33.63841808,25.31192971,26.57879656,Social,households_one_person_long_term_health_problem_or_disability_no_dependent_children,186
age_16,0.31244068,4.485875706,3.377830348,3.546418338,Demographic,people_age_16,187
age_11,0.310586319,4.184557439,3.155795877,3.312320917,Demographic,people_age_11,188
religion_other,0.308141794,2.007532957,1.517066577,1.591690544,Demographic,people_religion_other,189
other_households_3_plus_adults_and_1_plus_children,0.308033108,6.973634652,5.270361609,5.529512894,Social,households_other_3_plus_adults_and_1_plus_children,190
age_13,0.30562396,4.333333333,3.281514025,3.441547278,Demographic,people_age_13,191
country_of_birth_other_EU,0.302706751,12.99246704,9.862791484,10.33896848,Demographic,people_country_of_birth_other_EU,192
divorced,0.302176458,27.59322034,20.95572829,21.96561605,Social,people_divorced,193
males_in_employment_part_time,0.299543774,8.231638418,6.265292328,6.564469914,Economic,males_in_employment_part_time,194
ethnicty_other_Arab,0.298490729,0.768361582,0.585332883,0.613180516,Demographic,people_ethnicty_other_Arab,195
females_NS_SeC_lower_supervisory_technical,0.294288868,5.011299435,3.831023995,4.010601719,Economic,females_NS_SeC_lower_supervisory_technical,196
age_of_HRP_55_to_64_1_person_household,0.292193569,7.890772128,6.042919905,6.324068768,Social,people_age_of_HRP_55_to_64_1_person_household,197
age_55_to_64_1_person_household,0.292193569,7.890772128,6.042919905,6.324068768,Social,people_age_55_to_64_1_person_household,198
age_15,0.284264877,4.414312618,3.403176749,3.557020057,Demographic,people_age_15,199
males_industry_water supply_sewerage_waste_management_remediation,0.282904082,1.126177024,0.869212572,0.908309456,Economic,males_industry_water supply_sewerage_waste_management_remediation,200
males_occupation_caring_leisure_other_service,0.28011718,2.996233522,2.318012842,2.421203438,Economic,males_occupation_caring_leisure_other_service,201
age_16_to_17,0.279245743,8.77212806,6.791483609,7.092836676,Demographic,people_age_16_to_17,202
not_living_in_couple,0.275013012,128.8945386,100.1493748,104.5229226,Social,people_not_living_in_couple,203
people_not_living_in_a_couple_Total_measures_Value,0.275013012,128.8945386,100.1493748,104.5229226,Social,people_not_living_in_a_couple_Total_measures_Value,204
people_industry_administrative_support,0.274590474,8.696798493,6.75971612,7.054441261,Economic,people_industry_administrative_support,205
age_of_HRP_35_less_1_person_household,0.264312852,7.879472693,6.17810071,6.436962751,Social,people_age_of_HRP_35_less_1_person_household,206
age_17,0.246050807,4.286252354,3.413653261,3.546418338,Demographic,people_age_17,207
males_industry_administrative_support,0.243042803,4.796610169,3.830010139,3.977077364,Economic,males_industry_administrative_support,208
people_not_living_in_a_couple_single_never_married_or_never_registered_a_same_sex_civil_partnership,0.231916657,80.06591337,64.54849611,66.90945559,Social,people_not_living_in_a_couple_single_never_married_or_never_registered_a_same_sex_civil_partnership,209
not_living_in_couple_single_never_married_or_registered_same_sex_civil_partnership,0.231916657,80.06591337,64.54849611,66.90945559,Social,people_not_living_in_couple_single_never_married_or_registered_same_sex_civil_partnership,210
females_ecominically_inactive,0.225132972,44.51977401,36.10341332,37.38395415,Economic,females_ecominically_inactive,211
people_schoolchildren_and_full_time_students_age_16_to_17,0.213131606,7.4086629,6.071307874,6.2747851,Economic,people_schoolchildren_and_full_time_students_age_16_to_17,212
disability_daily_activities_limited_a_little,0.203547009,32.81167608,27.11591754,27.98252149,Demographic,people_disability_daily_activities_limited_a_little,213
one_person_household,0.19871264,46.80979284,38.8492734,40.06045845,Social,households_one_person,214
1_person_households,0.19871264,46.80979284,38.8492734,40.06045845,Social,people_1_person_households,215
1_person_household,0.19871264,46.80979284,38.8492734,40.06045845,Social,households_1_person,216
people_occupation_caring_leisure_other_service,0.196164127,15.51035782,12.90165596,13.29856734,Economic,people_occupation_caring_leisure_other_service,217
people_ecominically_inactive,0.187512334,75.45009416,63.2429875,65.10028653,Economic,people_ecominically_inactive,218
households_no_central_heating,0.182681388,3.425612053,2.883744508,2.966189112,Social,households_no_central_heating,219
males_part_time_worked_16_to_30_hours,0.177878352,8.222222222,6.95133491,7.14469914,Economic,males_part_time_worked_16_to_30_hours,220
females_occupation_caring_leisure_other_service,0.177476932,12.51412429,10.58364312,10.8773639,Economic,females_occupation_caring_leisure_other_service,221
age_26,0.176273165,5.154425612,4.363974316,4.484240688,Demographic,people_age_26,222
people_NS_SeC_lower_supervisory_technical,0.173927527,16.91902072,14.35451166,14.74469914,Economic,people_NS_SeC_lower_supervisory_technical,223
1_family_only_household_cohabiting_couple,0.173474528,41.93220339,35.59074011,36.55558739,Social,households_1_family_only_cohabiting_couple,224
medical_and_care_establishment_local_authority_childrens_home_including_secure_units,0.168713956,0.007532957,0.006421088,0.006590258,Environmental,medical_and_care_establishment_local_authority_childrens_home_including_secure_units,225
house_or_bungalow_terraced,0.162619921,42.14124294,36.11862116,37.03495702,Environmental,house_or_bungalow_terraced,226
age_32,0.162438009,4.72693032,4.05204461,4.154727794,Demographic,people_age_32,227
age_35,0.156776911,4.4086629,3.798580602,3.891404011,Demographic,people_age_35,228
age_25,0.155388342,4.986817326,4.302129098,4.406303725,Demographic,people_age_25,229
age_30,0.155338412,4.943502825,4.264954376,4.368194842,Demographic,people_age_30,230
flat_maisonette_or_apartment_in_commercial_building,0.151257618,1.866290019,1.616086516,1.654154728,Environmental,flat_maisonette_or_apartment_in_commercial_building,231
ethnicity_white_other,0.148976079,13,11.28050017,11.54212034,Demographic,people_ethnicity_white_other,232
age_25_to_34,0.148440211,47.69303202,41.40486651,42.36160458,Demographic,people_age_25_to_34,233
age_29,0.147436353,4.952919021,4.303818858,4.402578797,Demographic,people_age_29,234
age_34,0.147049115,4.391713748,3.817505914,3.90487106,Demographic,people_age_34,235
age_24,0.142115185,4.951035782,4.323082122,4.418624642,Demographic,people_age_24,236
other_household,0.139092529,42.73822976,37.42075025,38.22979943,Social,households_other,237
age_25_to_29,0.138325749,24.60640301,21.55998648,22.0234957,Demographic,people_age_25_to_29,238
households_with_no_adults_in_employment_no_dependent_children,0.136955128,41.10734463,36.06319703,36.83065903,Social,households_no_adults_in_employment_no_dependent_children,239
age_33,0.136821688,4.389830508,3.851639067,3.933524355,Demographic,people_age_33,240
males_ecominically_inactive,0.136769394,30.93032015,27.13957418,27.71633238,Economic,males_ecominically_inactive,241
age_31,0.135688313,4.903954802,4.307198378,4.397994269,Demographic,people_age_31,242
females_occupation_sales_customer_service,0.134451723,9.542372881,8.390672525,8.565902579,Economic,females_occupation_sales_customer_service,243
males_NS_SeC_lower_supervisory_technical,0.128956685,11.90772128,10.52348766,10.73409742,Economic,males_NS_SeC_lower_supervisory_technical,244
nationality_no_English,0.128753216,92.21280603,81.50861778,83.13724928,Demographic,people_nationality_no_English,245
males_industry_accommodation_food_service,0.127175524,4.203389831,3.720851639,3.794269341,Economic,males_industry_accommodation_food_service,246
single,0.125911433,104.0301318,92.19499831,93.99570201,Social,people_single,247
nationality_other_other,0.124285743,2.856873823,2.535653937,2.584527221,Demographic,people_nationality_other_other,248
other_household_types,0.124182368,12.09039548,10.73200406,10.93868195,Social,households_other_types,249
other_households,0.124182368,12.09039548,10.73200406,10.93868195,Social,people_other_households,250
household_spaces_with_no_usual_residents,0.123106838,5.107344633,4.538019601,4.624641834,Environmental,household_spaces_with_no_usual_residents,251
people_industry_water supply_sewerage_waste_management_remediation,0.122612587,1.338983051,1.190266982,1.212893983,Economic,people_industry_water supply_sewerage_waste_management_remediation,252
people_not_religous,0.120774463,113.4990584,101.0645488,102.956447,Demographic,people_not_religous,253
other_household_types_all_age_65_plus,0.120382495,0.416195857,0.370733356,0.37765043,Social,households_other_types_all_age_65_plus,254
other_households_all_age_65_plus,0.120382495,0.416195857,0.370733356,0.37765043,Social,people_other_households_all_age_65_plus,255
age_18,0.119024634,4.525423729,4.036160865,4.110601719,Demographic,people_age_18,256
age_16_to_24,0.117666681,41.1393597,36.73774924,37.40744986,Demographic,people_age_16_to_24,257
age_28,0.116538751,4.781544256,4.274417033,4.351575931,Demographic,people_age_28,258
people_industry_accommodation_food_service,0.114907975,8.922787194,7.988509632,8.130659026,Economic,people_industry_accommodation_food_service,259
country_of_birth_Ireland,0.112316321,1.809792844,1.624197364,1.65243553,Demographic,people_country_of_birth_Ireland,260
household_shared_ownership_part_owned_and_part_rented,0.106061879,0.871939736,0.787090233,0.8,Social,households_shared_ownership_part_owned_and_part_rented,261
age_65_to_74_1_person_household,0.105902023,6.502824859,5.870902332,5.967048711,Social,people_age_65_to_74_1_person_household,262
females_industry_accommodation_food_service,0.104174072,4.719397363,4.267657993,4.336389685,Economic,females_industry_accommodation_food_service,263
age_27,0.094786231,4.730696798,4.315647178,4.378796562,Demographic,people_age_27,264
house_or_bungalow_semi_detached,0.094003707,42.17702448,38.5049003,39.06361032,Environmental,house_or_bungalow_semi_detached,265
nationality_no_British,0.093436203,235.2297552,214.8641433,217.9627507,Demographic,people_nationality_no_British,266
age_36,0.088825496,4.263653484,3.911456573,3.96504298,Demographic,people_age_36,267
age_of_HRP_35_to_54,0.087923043,53.08286252,48.739439,49.40028653,Social,people_age_of_HRP_35_to_54,268
females_industry_transport_storage,0.082217204,1.397363465,1.289962825,1.306303725,Economic,females_industry_transport_storage,269
people_occupation_sales_customer_service,0.08194376,14.15630885,13.07164583,13.23667622,Economic,people_occupation_sales_customer_service,270
other_household_all_age_65_plus,0.080465059,0.924670433,0.855018587,0.865616046,Social,households_other_all_age_65_plus,271
no_second_address,0.079714432,304.5838041,281.8411626,285.3014327,Economic,people_no_second_address,272
age_30_to_44,0.06734235,66.5819209,62.34031767,62.98567335,Demographic,people_age_30_to_44,273
not_living_in_a_couple_widowed_or_surviving_partner_from_a_same_sex_civil_partnership,0.066794266,15.22033898,14.25819534,14.40458453,Social,people_not_living_in_a_couple_widowed_or_surviving_partner_from_a_same_sex_civil_partnership,274
people_not_living_in_a_couple_widowed_or_surviving_partner_from_a_same_sex_civil_partnership,0.066794266,15.22033898,14.25819534,14.40458453,Social,households_not_living_in_a_couple_widowed_or_surviving_partner_from_a_same_sex_civil_partnership,275
peope_living_in_a_couple_in_a_registered_same_sex_civil_partnership_or_cohabiting_same_sex,0.06614631,2.165725047,2.030077729,2.050716332,Social,peope_living_in_a_couple_in_a_registered_same_sex_civil_partnership_or_cohabiting_same_sex,276
multi_person_households_other,0.06570502,4.956685499,4.648191957,4.69512894,Social,households_multi_person_other,277
other_households_other,0.062237235,6.79472693,6.393038189,6.454154728,Social,people_other_households_other,278
other_household_types_other,0.062237235,6.79472693,6.393038189,6.454154728,Social,households_other_types_other,279
age_23,0.061383503,4.826741996,4.545116593,4.587965616,Demographic,people_age_23,280
age_35_to_54_no_dependent_children,0.061150601,41.57627119,39.1591754,39.5269341,Social,people_age_35_to_54_no_dependent_children,281
age_37,0.058362705,4.18079096,3.948293342,3.983667622,Demographic,people_age_37,282
females_occupation_skilled_trades,0.057305277,1.834274953,1.734031767,1.749283668,Economic,females_occupation_skilled_trades,283
lives_in_household,0.053046019,313.259887,297.3578912,299.7773639,Economic,people_live_in_household,284
lives_in_a_household,0.053046019,313.259887,297.3578912,299.7773639,Economic,people_live_in_a_household,285
females,0.048686604,161.5781544,154.0233187,155.1727794,Demographic,females,286
nationality_English_only,0.047903764,197.0734463,188.0013518,189.3816619,Demographic,people_nationality_English_only,287
age_55_to_64_dependent_children,0.04769129,2.702448211,2.578573843,2.597421203,Social,people_age_55_to_64_dependent_children,288
nationality_no_Welsh,0.043829008,311.2485876,298.0956404,300.0968481,Demographic,people_nationality_no_Welsh,289
total_dwellings,0.041790085,138.2693032,132.6887462,133.5378223,Environmental,dwellings,290
unshared_dwellings,0.041729109,138.0621469,132.4978033,133.3444126,Environmental,dwellings_unshared,291
household_spaces,0.040763738,138.7815443,133.3132815,134.1452722,Environmental,household_spaces,292
household_spaces_with_one_plus_usual_resident,0.037823609,133.6741996,128.7752619,129.5206304,Environmental,household_spaces_with_one_plus_usual_resident,293
nationality_no_Scottish,0.0374467,313.1355932,301.7705306,303.4997135,Demographic,people_nationality_no_Scottish,294
females_industry_wholesale_and_retail_trade,0.035206594,11.53107345,11.13687056,11.19684814,Economic,females_industry_wholesale_and_retail_trade,295
nationality_no_Northern_Irish,0.034631101,314.6497175,304.0638729,305.6744986,Demographic,people_nationality_no_Northern_Irish,296
households_central_heating,0.034428426,130.2485876,125.8915174,126.5544413,Social,households_central_heating,297
nationality_no_Irish,0.034369564,313.7438795,303.2659682,304.8601719,Demographic,people_nationality_no_Irish,298
age_of_HRP_35_to_54_2_person_household_dependent_children,0.034023596,25.49152542,24.64852991,24.77679083,Social,people_age_of_HRP_35_to_54_2_person_household_dependent_children,299
provides_no_unpaid_care,0.033965705,283.5555556,274.1939845,275.6183381,Social,people_provide_no_unpaid_care,300
nationality_no_Cornish,0.033745324,315.0320151,304.696857,306.269341,Demographic,people_nationality_no_Cornish,301
nationality_Cornish,0.033419027,315.1544256,304.9124704,306.4707736,Demographic,people_nationality_Cornish,302
nationality_English,0.033419027,315.1544256,304.9124704,306.4707736,Demographic,people_nationality_English,303
nationality_Welsh,0.033419027,315.1544256,304.9124704,306.4707736,Demographic,people_nationality_Welsh,304
nationality_Scottish,0.033419027,315.1544256,304.9124704,306.4707736,Demographic,people_nationality_Scottish,305
nationality_British,0.033419027,315.1544256,304.9124704,306.4707736,Demographic,people_nationality_British,306
nationality_Northern_Irish,0.033419027,315.1544256,304.9124704,306.4707736,Demographic,people_nationality_Northern_Irish,307
total_people,0.033419027,315.1544256,304.9124704,306.4707736,Demographic,people,308
nationality_Irish,0.033419027,315.1544256,304.9124704,306.4707736,Demographic,people_nationality_Irish,309
nationality_other,0.033419027,315.1544256,304.9124704,306.4707736,Demographic,people_nationality_other,310
religion_not_stated,0.03266669,24.83992467,24.05035485,24.17048711,Demographic,people_religion_not_stated,311
age_38,0.029558626,4.303201507,4.179114566,4.197994269,Demographic,people_age_38,312
same_sex_civil_partnership,0.029185974,0.600753296,0.583643123,0.586246418,Social,people_same_sex_civil_partnership,313
good_health,0.029028073,106.9359699,103.9063873,104.3673352,Demographic,people_good_health,314
other_household_other,0.028922682,19.56308851,19.01081446,19.09484241,Social,households_other_other,315
age_39,0.021518996,4.43126177,4.337614059,4.351862464,Demographic,people_age_39,316
1_person_households_1_person_age_65_plus,0.020603597,16.06026365,15.73504562,15.78452722,Social,households_1_person_1_person_age_65_plus,317
age_of_HRP_65_plus_1_person_household,0.020603597,16.06026365,15.73504562,15.78452722,Social,people_age_of_HRP_65_plus_1_person_household,318
1_person_household_1_person_age_65_plus,0.020603597,16.06026365,15.73504562,15.78452722,Social,households_1_person_1_person_age_65_plus,319
1_person_household_age_65_plus,0.020603597,16.06026365,15.73504562,15.78452722,Social,households_1_person_age_65_plus,320
1_person_households_age_65_plus,0.020603597,16.06026365,15.73504562,15.78452722,Social,people_1_person_households_age_65_plus,321
one_person_household_age_65_plus,0.020603597,16.06026365,15.73504562,15.78452722,Social,households_one_person_age_65_plus,322
households_1_car_or_van,0.018884214,57.00753296,55.94795539,56.10916905,Social,households_1_car_or_van,323
living_in_couple_cohabiting,0.018603271,31.51224105,30.93511321,31.02292264,Social,people_living_in_couple_cohabiting,324
people_industry_wholesale_and_retail_trade,0.018170428,23.83992467,23.41331531,23.4782235,Economic,people_industry_wholesale_and_retail_trade,325
males,0.017760443,153.5762712,150.8891517,151.2979943,Demographic,males,326
age_41,0.01575117,4.337099812,4.269685705,4.279942693,Demographic,people_age_41,327
full_time_students_age_18_to_74_economically_active_unemployed,0.013156286,1.288135593,1.271375465,1.273925501,Economic,full_time_students_age_18_to_74_economically_active_unemployed,328
average_household_size,0.01307524,2.344821082,2.314498139,2.319111744,Economic,average_household_size,329
1_family_only_household,0.011847177,223.7118644,221.0878675,221.487106,Social,households_1_family_only,330
age_40,0.010688333,4.401129944,4.354511659,4.361604585,Demographic,people_age_40,331
peope_living_in_a_couple_cohabiting_opposite_sex,0.010058797,29.65160075,29.35586347,29.4008596,Social,peope_living_in_a_couple_cohabiting_opposite_sex,332
people_in_employment_part_time,0.006576687,33.52919021,33.30990199,33.34326648,Economic,people_in_employment_part_time,333
age_18_to_19,0.004364142,9.225988701,9.185873606,9.191977077,Demographic,people_age_18_to_19,334
1_family_only_households_cohabiting_couple,0.004134025,13.54990584,13.49408584,13.5025788,Social,people_1_family_only_households_cohabiting_couple,335
one_family_household_cohabiting_couple,0.004134025,13.54990584,13.49408584,13.5025788,Social,households_one_family_cohabiting_couple,336
males_industry_wholesale_and_retail_trade,0.002638669,12.30885122,12.27644474,12.28137536,Economic,males_industry_wholesale_and_retail_trade,337
nationality_British_only,-0.00159403,53.15442561,53.23927002,53.22636103,Demographic,people_nationality_British_only,338
age_of_HRP_55_to_64_2_person_household_dependent_children,-0.004435604,1.683615819,1.691111862,1.689971347,Social,people_age_of_HRP_55_to_64_2_person_household_dependent_children,339
age_42,-0.005392443,4.337099812,4.360594796,4.357020057,Demographic,people_age_42,340
total_adults,-0.008625863,187.8154426,189.4474485,189.1991404,Social,households,341
widowed,-0.009589227,16.22033898,16.37715444,16.35329513,Social,people_widowed,342
males_occupation_sales_customer_service,-0.014352511,4.61393597,4.680973302,4.670773639,Economic,males_occupation_sales_customer_service,343
nationality_one_plus_of_English_Welsh_Scottish_Northern Irish_British,-0.01440384,280.5951036,284.6867185,284.0641834,Demographic,people_nationality_one_plus_of_English_Welsh_Scottish_Northern Irish_British,344
people_religous,-0.016627971,176.8154426,179.7975667,179.3438395,Demographic,people_religous,345
country_of_birth_England,-0.0168809,258.920904,263.3551876,262.6805158,Demographic,people_country_of_birth_England,346
households_main_language_all_age_16_plus_English,-0.0185497,119.386064,121.6360257,121.2936963,Demographic,households_main_language_all_age_16_plus_English,347
country_of_birth_other_EU_member_countries_in_March_2001,-0.019639231,4.800376648,4.896248733,4.881661891,Demographic,people_country_of_birth_other_EU_member_countries_in_March_2001,348
age_44,-0.020642036,4.410546139,4.503210544,4.489111748,Demographic,people_age_44,349
females_age_16_to_74,-0.02205531,111.1563089,113.654613,113.2744986,Demographic,females_age_16_to_74,350
males_industry_human_health_social_work,-0.024491849,4.13747646,4.240959784,4.2252149,Economic,males_industry_human_health_social_work,351
people_part_time_worked_16_to_30_hours,-0.027677465,29.15442561,29.98073674,29.85501433,Economic,people_part_time_worked_16_to_30_hours,352
age_35_to_54,-0.029005875,80.26177024,82.64852991,82.28538682,Demographic,people_age_35_to_54,353
age_75_plus_1_person_household,-0.031240659,9.557438795,9.864143292,9.81747851,Social,people_age_75_plus_1_person_household,354
ethnicty_mixed_white_asian,-0.033899695,1.689265537,1.748225752,1.739255014,Demographic,people_ethnicty_mixed_white_asian,355
country_of_birth_United_Kingdom,-0.035007466,267.1977401,276.837783,275.3710602,Demographic,people_country_of_birth_United_Kingdom,356
disability_daily_activities_not_limited,-0.035478931,247.3182674,256.3649882,254.9885387,Demographic,people_disability_daily_activities_not_limited,357
people_industry_human_health_social_work,-0.042918621,19.30508475,20.16492058,20.03409742,Economic,people_industry_human_health_social_work,358
age_of_HRP_35_to_54_2_person_household_no_dependent_children,-0.044676729,12.61205273,13.19770193,13.10859599,Social,people_age_of_HRP_35_to_54_2_person_household_no_dependent_children,359
shared_dwelling_three_plus_household_spaces,-0.046964939,0.133709981,0.140250084,0.139255014,Environmental,dwellings_shared_three_plus_household_spaces,360
females_industry_human_health_social_work,-0.047843515,15.16760829,15.9239608,15.80888252,Economic,females_industry_human_health_social_work,361
age_20_to_24,-0.048301894,23.44444444,24.62521122,24.44555874,Demographic,people_age_20_to_24,362
age_46,-0.052714549,4.284369115,4.520784049,4.484813754,Demographic,people_age_46,363
age_43,-0.053204532,4.152542373,4.383913484,4.348710602,Demographic,people_age_43,364
people_highest_level_of_qualification_Level_2_qualifications,-0.053594688,35.40677966,37.39472795,37.09226361,Economic,people_highest_level_of_qualification_Level_2_qualifications,365
age_22,-0.05452769,4.755178908,5.027036161,4.985673352,Demographic,people_age_22,366
one_family_household,-0.056289981,74.7740113,79.19398445,78.52148997,Social,households_one_family,367
1_family_households,-0.056289981,74.7740113,79.19398445,78.52148997,Social,people_1_family_households,368
religion_Buddhist,-0.057115276,1.29566855,1.373436972,1.361604585,Demographic,people_religion_Buddhist,369
age_47,-0.059019219,4.216572505,4.478540047,4.438681948,Demographic,people_age_47,370
age_48,-0.061649352,4.084745763,4.350456235,4.310028653,Demographic,people_age_48,371
total_people_age_16_plus,-0.063183012,237.2429379,253.0811085,250.6713467,Demographic,people_age_16_plus,372
females_in_employment_part_time,-0.065240343,25.29755179,27.04460967,26.77879656,Economic,females_in_employment_part_time,373
males_age_16_to_74,-0.068238053,106.5103578,114.2247381,113.0510029,Demographic,males_age_16_to_74,374
age_35_to_54_youngest_dependent_child_age_16_to_18,-0.06975422,4.5913371,4.931733694,4.879942693,Social,people_age_35_to_54_youngest_dependent_child_age_16_to_18,375
age_45,-0.071405492,4.29566855,4.622169652,4.572492837,Demographic,people_age_45,376
age_35_to_54_youngest_dependent_child_age_11_to_15,-0.073166069,11.00376648,11.86211558,11.73151862,Social,people_age_35_to_54_youngest_dependent_child_age_11_to_15,377
age_35_to_54_youngest_dependent_child_age_0_to_4,-0.077898325,11.8173258,12.80297398,12.6530086,Social,people_age_35_to_54_youngest_dependent_child_age_0_to_4,378
age_50,-0.082413652,3.666666667,3.9915512,3.942120344,Demographic,people_age_50,379
age_19,-0.088390984,4.700564972,5.149712741,5.081375358,Demographic,people_age_19,380
people_occupation_skilled_trades,-0.089417964,15.19585687,16.66610341,16.44240688,Economic,people_occupation_skilled_trades,381
nationality_Irish_only,-0.090914524,1.256120527,1.37985806,1.361031519,Demographic,people_nationality_Irish_only,382
females_part_time_worked_16_to_30_hours,-0.092345633,20.93220339,23.02940182,22.71031519,Economic,females_part_time_worked_16_to_30_hours,383
age_49,-0.099503256,3.796610169,4.209192295,4.146418338,Demographic,people_age_49,384
religion_Hindu,-0.100829768,1.380414313,1.532612369,1.509455587,Demographic,people_religion_Hindu,385
ethnicity_white_Irish,-0.106462393,1.911487759,2.135180804,2.101146132,Demographic,people_ethnicity_white_Irish,386
age_86,-0.106788131,0.95480226,1.066914498,1.049856734,Demographic,people_age_86,387
males_occupation_skilled_trades,-0.106886038,13.36158192,14.93207165,14.69312321,Economic,males_occupation_skilled_trades,388
age_51,-0.113528938,3.406779661,3.834741467,3.769627507,Demographic,people_age_51,389
age_52,-0.114496589,3.393596987,3.823927002,3.758452722,Demographic,people_age_52,390
age_45_to_59,-0.115878668,51.67608286,58.31666103,57.30630372,Demographic,people_age_45_to_59,391
males_industry_construction,-0.119388415,8.894538606,10.0760392,9.896275072,Economic,males_industry_construction,392
disability_daily_activities_not_limited_age_16_to_64,-0.119881965,159.2165725,180.4633322,177.230659,Demographic,people_disability_daily_activities_not_limited_age_16_to_64,393
very_good_health,-0.120581448,133.9830508,151.978709,149.2406877,Demographic,people_very_good_health,394
other_households_2_adults_and_1_or_2_children,-0.122421691,15.01129944,17.06184522,16.74985673,Social,households_other_2_adults_and_1_or_2_children,395
ethnicity_white,-0.123761725,249.4689266,283.9631632,278.7148997,Demographic,people_ethnicity_white,396
age_55,-0.126229182,3.058380414,3.49070632,3.424928367,Demographic,people_age_55,397
age_mean,-0.128991747,35.32071567,40.43626226,39.65793697,Demographic,mean_age,398
age_81,-0.129766782,1.4086629,1.614058804,1.582808023,Demographic,people_age_81,399
age_of_HRP_55_to_64,-0.129824602,18.5913371,21.30348091,20.89083095,Social,people_age_of_HRP_55_to_64,400
age_53,-0.133068409,3.256120527,3.74450828,3.670200573,Demographic,people_age_53,401
age_56,-0.134643897,2.935969868,3.382223724,3.314326648,Demographic,people_age_56,402
males_ecominically_active,-0.134823585,75.58003766,87.08516391,85.33467049,Economic,males_ecominically_active,403
other_households_3_plus_adults_and_no_children,-0.135884396,13.87193974,16.00236566,15.6782235,Social,households_other_3_plus_adults_and_no_children,404
ethnicity_white_English_Welsh_Scottish_Northern_Irish_British,-0.136224987,234.2372881,270.3129436,264.8240688,Demographic,people_ethnicity_white_English_Welsh_Scottish_Northern_Irish_British,405
0_or_2_plus_adults_in_household,-0.136569422,138.4350282,159.81683,156.5636103,Social,households_0_or_2_plus_adults_in,406
people_ecominically_active,-0.139058839,142.2165725,164.6363636,161.2252149,Economic,people_ecominically_active,407
other_household_2_adults_and_1_or_2_children,-0.143163388,52.19020716,60.69415343,59.40028653,Social,people_other_2_adults_and_1_or_2_children,408
females_ecominically_active,-0.143821144,66.63653484,77.55119973,75.89054441,Economic,females_ecominically_active,409
age_54,-0.145185527,3.088512241,3.599864819,3.522063037,Demographic,people_age_54,410
nationality_Irish_Northern_Irish_other,-0.145858221,0.003766478,0.004393376,0.004297994,Demographic,people_nationality_Irish_Northern_Irish_other,411
people_industry_construction,-0.147587165,9.890772128,11.55931058,11.30544413,Economic,people_industry_construction,412
males_NS_SeC_small_employers_own_account_workers,-0.14771486,11.93032015,13.94491382,13.63839542,Economic,males_NS_SeC_small_employers_own_account_workers,413
average_number_of_bedrooms_per_household,-0.150528988,2.431073443,2.85055762,2.786733523,Economic,average_number_of_bedrooms_per_household,414
age_21,-0.150632598,4.436911488,5.203109158,5.086532951,Demographic,people_age_21,415
age_of_HRP_65_plus,-0.154953204,28.63841808,33.7472119,32.96991404,Social,people_age_of_HRP_65_plus,416
other_household_3_plus_adults_and_no_children,-0.160255815,48.18832392,57.12504224,55.76532951,Social,people_other_3_plus_adults_and_no_children,417
religion_Christian,-0.160416264,143.5291902,170.1781007,166.1234957,Demographic,people_religion_Christian,418
average_number_of_rooms_per_household,-0.166254082,4.696986818,5.606015547,5.467707737,Economic,average_number_of_rooms_per_household,419
males_full_time_student,-0.166295946,3.715630885,4.434944238,4.325501433,Economic,males_full_time_student,420
males_part_time_worked_15_hours_or_less,-0.172110703,4.229755179,5.082122339,4.95243553,Economic,males_part_time_worked_15_hours_or_less,421
age_25_to_34_no_dependent_children,-0.17281094,23.20150659,27.8992903,27.18452722,Social,people_age_25_to_34_no_dependent_children,422
age_89,-0.175542253,0.683615819,0.824602906,0.803151862,Demographic,people_age_89,423
age_57,-0.17565836,2.892655367,3.489692464,3.398853868,Demographic,people_age_57,424
age_median,-0.178491548,33.81920904,40.93207165,39.84985673,Demographic,median_age,425
age_75_plus,-0.186217018,19.02071563,23.2267658,22.58681948,Demographic,people_age_75_plus,426
people_full_time_student,-0.186389487,7.95480226,9.715782359,9.447851003,Economic,people_full_time_student,427
age_75,-0.191880307,1.72693032,2.12267658,2.062464183,Demographic,people_age_75,428
household_private_rented_other,-0.193682697,1.52165725,1.874281852,1.820630372,Social,households_private_rented_other,429
age_35_to_54_youngest_dependent_child_age_5_to_10,-0.194120714,11.27306968,13.89253126,13.49398281,Social,people_age_35_to_54_youngest_dependent_child_age_5_to_10,430
age_82,-0.196061373,1.254237288,1.549172018,1.504297994,Demographic,people_age_82,431
age_20,-0.196075563,4.474576271,5.526867185,5.366762178,Demographic,people_age_20,432
females_in_employment,-0.196732426,56.41242938,69.73234201,67.70573066,Economic,females_in_employment,433
age_85_to_89,-0.197017156,4.026365348,4.978709023,4.833810888,Demographic,people_age_85_to_89,434
1_family_only_household_married_couple_2_plus_dependent_children,-0.197679721,44.94538606,55.61912808,53.99512894,Social,households_1_family_only_married_couple_2_plus_dependent_children,435
age_69,-0.197933759,1.992467043,2.466373775,2.394269341,Demographic,people_age_69,436
females_industry_other,-0.199319995,3.190207156,3.955390335,3.838968481,Economic,females_industry_other,437
females_employed,-0.201754898,59.60828625,74.11625549,71.90888252,Economic,females_employed,438
household_private_rented,-0.202657196,20.01506591,24.91280838,24.16762178,Social,households_private_rented,439
females_full_time_student,-0.203357216,4.239171375,5.280838121,5.12234957,Economic,females_full_time_student,440
household_private_rented_private_landlord_or_letting_agency,-0.203388357,18.49340866,23.03852653,22.3469914,Social,households_private_rented_private_landlord_or_letting_agency,441
people_in_employment,-0.206652321,118.787194,148.54951,144.0212034,Economic,people_in_employment,442
people_industry_other,-0.209268511,5.56873823,6.985468064,6.76991404,Economic,people_industry_other,443
females_full_time_worked_31_to_48_hours,-0.211651481,27.67608286,34.8148023,33.7286533,Economic,females_full_time_worked_31_to_48_hours,444
people_full_time_worked_31_to_48_hours,-0.211702119,71.77212806,90.29030078,87.47277937,Economic,people_full_time_worked_31_to_48_hours,445
males_full_time_worked_31_to_48_hours,-0.211733897,44.0960452,55.47549848,53.74412607,Economic,males_full_time_worked_31_to_48_hours,446
age_88,-0.21243406,0.691148776,0.870226428,0.842979943,Demographic,people_age_88,447
age_59,-0.214398957,2.651600753,3.346400811,3.240687679,Demographic,people_age_59,448
males_in_employment,-0.215453076,62.3747646,78.81716796,76.31547278,Economic,males_in_employment,449
flat_maisonette_or_apartment_converted_or_shared_house_including_bed_sits,-0.217659618,8.519774011,10.79384927,10.447851,Environmental,flat_maisonette_or_apartment_converted_or_shared_house_including_bed_sits,450
age_72,-0.218426766,1.902071563,2.411963501,2.334383954,Demographic,people_age_72,451
males_employed,-0.218436816,64.90018832,82.29908753,79.65186246,Economic,males_employed,452
age_74,-0.221961202,1.743879473,2.220682663,2.148137536,Demographic,people_age_74,453
males_industry_other,-0.222299133,2.378531073,3.030077729,2.930945559,Economic,males_industry_other,454
age_75_to_84,-0.22288718,13.73258004,17.50659006,16.93237822,Demographic,people_age_75_to_84,455
age_91,-0.223790207,0.421845574,0.538357553,0.520630372,Demographic,people_age_91,456
age_85,-0.224145563,0.952919021,1.216627239,1.176504298,Demographic,people_age_85,457
provides_1_to_19_hours_unpaid_care_per_week,-0.224293777,16.83615819,21.49915512,20.78968481,Social,people_provide_1_to_19_hours_unpaid_care_per_week,458
age_61,-0.225953866,2.723163842,3.484285231,3.368481375,Demographic,people_age_61,459
age_55_to_64,-0.226565616,27.48964218,35.19871578,34.02578797,Demographic,people_age_55_to_64,460
age_16_to_24_no_dependent_children,-0.227036623,17.93220339,22.9739777,22.20687679,Social,people_age_16_to_24_no_dependent_children,461
age_84,-0.227643309,1.016949153,1.303818858,1.26017192,Demographic,people_age_84,462
people_NS_SeC_small_employers_own_account_workers,-0.228090569,15.59698682,20.00743494,19.33638968,Economic,people_NS_SeC_small_employers_own_account_workers,463
age_70,-0.229243877,1.845574388,2.370733356,2.290830946,Demographic,people_age_70,464
people_part_time_worked_15_hours_or_less,-0.230907704,13.08097928,16.83676918,16.26532951,Economic,people_part_time_worked_15_hours_or_less,465
females_in_employment_full_time,-0.231584026,27.72504708,35.71443055,34.49885387,Economic,females_in_employment_full_time,466
age_71,-0.232309671,1.928436911,2.486312944,2.401432665,Demographic,people_age_71,467
age_79,-0.232358645,1.455743879,1.876985468,1.812893983,Demographic,people_age_79,468
females_ecominically_inactive_student,-0.234077523,6.048964218,7.815478202,7.546704871,Economic,females_ecominically_inactive_student,469
nationality_Cornish_British_only,-0.23409188,0.018832392,0.024332545,0.023495702,Demographic,people_nationality_Cornish_British_only,470
people_in_employment_full_time,-0.236277573,71.55367232,92.69550524,89.47879656,Economic,people_in_employment_full_time,471
age_58,-0.236692215,2.647834275,3.43190267,3.31260745,Demographic,people_age_58,472
age_80,-0.237360958,1.376647834,1.785738425,1.723495702,Demographic,people_age_80,473
males_in_employment_full_time,-0.239222684,43.82862524,56.98107469,54.97994269,Economic,males_in_employment_full_time,474
nationality_Scottish_only,-0.240399455,1.668549906,2.172355526,2.095702006,Demographic,people_nationality_Scottish_only,475
age_60,-0.240553009,2.563088512,3.337614059,3.219770774,Demographic,people_age_60,476
age_77,-0.240650637,1.485875706,1.935113214,1.866762178,Demographic,people_age_77,477
cohabiting_couple_households_no_dependent_children,-0.243544125,7.890772128,10.31260561,9.944126074,Social,households_cohabiting_couple_no_dependent_children,478
females_NS_SeC_full_time_students,-0.245336451,9.77212806,12.79925651,12.33868195,Economic,females_NS_SeC_full_time_students,479
females_NS_SeC_not_classified,-0.245336451,9.77212806,12.79925651,12.33868195,Economic,females_NS_SeC_not_classified,480
1_family_only_household_married_couple_all_children_not_dependent,-0.248752352,17.02636535,22.39371409,21.57707736,Social,households_1_family_only_married_couple_all_children_not_dependent,481
males_NS_SeC_intermediate,-0.24878789,6.035781544,7.938830686,7.649283668,Economic,males_NS_SeC_intermediate,482
age_78,-0.251528434,1.451977401,1.916187901,1.845558739,Demographic,people_age_78,483
people_NS_SeC_not_classified,-0.253591003,19.3126177,25.55153768,24.60229226,Economic,people_NS_SeC_not_classified,484
people_NS_SeC_full_time_students,-0.253591003,19.3126177,25.55153768,24.60229226,Economic,people_NS_SeC_full_time_students,485
married_couple_households_dependent_children,-0.25505317,15.75141243,20.87732342,20.0974212,Social,households_married_couple_dependent_children,486
age_76,-0.255081698,1.555555556,2.061845218,1.984813754,Demographic,people_age_76,487
other_households_2_adults_age_16_to_64_no_children,-0.25546913,19.88512241,26.3697195,25.38309456,Social,households_other_2_adults_age_16_to_64_no_children,488
other_household_2_adults_age_16_to_64_no_children,-0.25546913,39.77024482,52.739439,50.76618911,Social,people_other_2_adults_age_16_to_64_no_children,489
females_part_time_worked_15_hours_or_less,-0.256647215,8.851224105,11.75464684,11.31289398,Economic,females_part_time_worked_15_hours_or_less,490
males_NS_SeC_full_time_students,-0.261896085,9.540489642,12.75228118,12.26361032,Economic,males_NS_SeC_full_time_students,491
males_NS_SeC_not_classified,-0.261896085,9.540489642,12.75228118,12.26361032,Economic,males_NS_SeC_not_classified,492
1_family_only_households_married_couple_all_children_not_dependent,-0.262829049,5.06779661,6.781683001,6.520916905,Social,people_1_family_only_households_married_couple_all_children_not_dependent,493
one_family_household_married_or_same_sex_civil_partnership_no_dependent_children,-0.262971672,5.069679849,6.785400473,6.524355301,Social,households_one_family_married_or_same_sex_civil_partnership_no_dependent_children,494
age_83,-0.264518246,1,1.340993579,1.289111748,Demographic,people_age_83,495
people_ecominically_inactive_student,-0.266397227,12.11487759,16.28387969,15.6495702,Economic,people_ecominically_inactive_student,496
age_87,-0.266777971,0.743879473,1.000337952,0.961318052,Demographic,people_age_87,497
age_65_to_74,-0.267325471,19.89077213,26.76647516,25.72034384,Demographic,people_age_65_to_74,498
age_62,-0.268137073,2.674199623,3.602230483,3.461031519,Demographic,people_age_62,499
age_95,-0.269032671,0.128060264,0.172693478,0.165902579,Demographic,people_age_95,500
age_68,-0.271664766,2.175141243,2.94288611,2.826074499,Demographic,people_age_68,501
nationality_English_other,-0.273426662,1.883239171,2.553565394,2.451575931,Demographic,people_nationality_English_other,502
age_73,-0.274426944,1.711864407,2.324095978,2.230945559,Demographic,people_age_73,503
age_60_to_64,-0.2747497,13.46892655,18.29334235,17.55931232,Demographic,people_age_60_to_64,504
1_family_only_households_married_couple_2_plus_dependent_children,-0.276297773,9.370998117,12.75228118,12.23782235,Social,people_1_family_only_households_married_couple_2_plus_dependent_children,505
people_NS_SeC_intermediate,-0.277857353,22.55932203,30.75937817,29.51174785,Economic,people_NS_SeC_intermediate,506
living_in_couple,-0.280131425,106.4576271,145.5691112,139.6183381,Social,people_living_in_couple,507
people_living_in_a_couple,-0.280131425,106.4576271,145.5691112,139.6183381,Social,people_living_in_a_couple,508
nationality_English_British_only,-0.281394309,23.98493409,32.84893545,31.50028653,Demographic,people_nationality_English_British_only,509
males_occupation_administrative_secretarial,-0.284033459,3.099811676,4.259547144,4.083094556,Economic,males_occupation_administrative_secretarial,510
nationality_British_other,-0.284533431,26.77024482,36.80905711,35.28166189,Demographic,people_nationality_British_other,511
age_90,-0.285984811,0.52354049,0.721189591,0.691117479,Demographic,people_age_90,512
males_ecominically_inactive_retired,-0.286034538,9.595103578,13.218317,12.66704871,Economic,males_ecominically_inactive_retired,513
age_63,-0.287072597,2.832391714,3.907063197,3.743553009,Demographic,people_age_63,514
full_time_students_age_18_to_74_economically_active_employed,-0.287720675,4.480225989,6.185197702,5.925787966,Economic,full_time_students_age_18_to_74_economically_active_employed,515
females_NS_SeC_intermediate,-0.288028236,16.52354049,22.82054748,21.86246418,Economic,females_NS_SeC_intermediate,516
medical_and_care_establishment_local_authority_care_home_or_other_home,-0.291025959,0.096045198,0.133153092,0.127507163,Environmental,medical_and_care_establishment_local_authority_care_home_or_other_home,517
1_family_only_household_married_couple,-0.291109352,97.73634652,135.5119973,129.7644699,Social,households_1_family_only_married_couple,518
people_ecominically_inactive_retired,-0.291344917,22.04708098,30.57755999,29.27965616,Economic,people_ecominically_inactive_retired,519
one_family_household_married_or_same_sex_civil_partnership_dependent_children,-0.293870549,14.45574388,20.11355188,19.25272206,Social,households_one_family_married_or_same_sex_civil_partnership_dependent_children,520
females_ecominically_inactive_retired,-0.295394061,12.4519774,17.35924299,16.61260745,Economic,females_ecominically_inactive_retired,521
males_ecominically_inactive_student,-0.296498586,6.065913371,8.468401487,8.10286533,Economic,males_ecominically_inactive_student,522
same_sex_civil_partnership_couple_households_no_dependent_children,-0.30120963,0.141242938,0.19837783,0.189684814,Social,households_same_sex_civil_partnership_couple_no_dependent_children,523
1_family_only_household_married_couple_1_dependent_child,-0.301600986,17.12052731,24.05812775,23.0025788,Social,households_1_family_only_married_couple_1_dependent_child,524
age_65,-0.302986352,2.18079096,3.069956066,2.934670487,Demographic,people_age_65,525
age_75_plus_2_plus_person_household,-0.305367809,9.463276836,13.36262251,12.76934097,Social,people_age_75_plus_2_plus_person_household,526
males_industry_manufacturing,-0.316805769,6.709981168,9.616424468,9.174212034,Economic,males_industry_manufacturing,527
people_industry_manufacturing,-0.319049034,8.563088512,12.30821223,11.73839542,Economic,people_industry_manufacturing,528
1_family_only_households_married_couple_1_dependent_child,-0.32384072,5.073446328,7.338289963,6.993696275,Social,people_1_family_only_households_married_couple_1_dependent_child,529
people_highest_level_of_qualification_apprenticeship,-0.325056814,7.143126177,10.34842852,9.860744986,Economic,people_highest_level_of_qualification_apprenticeship,530
nationality_Northern_Irish_only,-0.326895104,0.406779661,0.590740115,0.562750716,Demographic,people_nationality_Northern_Irish_only,531
females_industry_manufacturing,-0.327075055,1.853107345,2.691787766,2.564183381,Economic,females_industry_manufacturing,532
age_67,-0.330098464,2.122410546,3.095302467,2.947277937,Demographic,people_age_67,533
married,-0.336101906,80.14689266,117.8198716,112.0879656,Social,people_married,534
nationality_Irish_British_only,-0.338154834,0.052730697,0.077728962,0.073925501,Demographic,people_nationality_Irish_British_only,535
age_66,-0.339328708,2.288135593,3.3781683,3.212320917,Demographic,people_age_66,536
age_64,-0.341450904,2.676082863,3.962149375,3.766475645,Demographic,people_age_64,537
females_industry_construction,-0.3456206,0.996233522,1.483271375,1.409169054,Economic,females_industry_construction,538
age_90_plus,-0.348547406,1.8173258,2.716458263,2.57965616,Demographic,people_age_90_plus,539
age_of_HRP_65_plus_2_person_household_no_dependent_children,-0.348824497,11.87193974,17.75228118,16.85759312,Social,people_age_of_HRP_65_plus_2_person_household_no_dependent_children,540
age_94,-0.349635958,0.148775895,0.222710375,0.211461318,Demographic,people_age_94,541
1_family_only_households_same_sex_civil_partnership_couple_no_children,-0.349857095,0.114877589,0.172017574,0.163323782,Social,people_1_family_only_households_same_sex_civil_partnership_couple_no_children,542
1_family_only_household_same_sex_civil_partnership_couple_no_children,-0.349857095,0.229755179,0.344035147,0.326647564,Social,households_1_family_only_same_sex_civil_partnership_couple_no_children,543
1_family_only_household_cohabiting_couple_no_children,-0.351778253,11.23917137,16.873268,16.01604585,Social,households_1_family_only_cohabiting_couple_no_children,544
1_family_only_households_cohabiting_couple_no_children,-0.351778253,5.619585687,8.436633998,8.008022923,Social,people_1_family_only_households_cohabiting_couple_no_children,545
one_family_household_cohabiting_couple_no_children,-0.351778253,5.619585687,8.436633998,8.008022923,Social,households_one_family_cohabiting_couple_no_children,546
age_of_HRP_55_to_64_2_person_household_no_dependent_children,-0.353543056,9.016949153,13.56944914,12.87679083,Social,people_age_of_HRP_55_to_64_2_person_household_no_dependent_children,547
females_industry_water supply_sewerage_waste_management_remediation,-0.355396858,0.212806026,0.32105441,0.304584527,Economic,females_industry_water supply_sewerage_waste_management_remediation,548
males_in_employment_self_employed,-0.355851235,10.31450094,15.57080095,14.77106017,Economic,males_in_employment_self_employed,549
1_family_only_households_married_couple,-0.356939891,28.83427495,43.59276783,41.34727794,Social,people_1_family_only_households_married_couple,550
one_family_household_married_or_same_sex_civil_partnership,-0.357025676,28.96233522,43.79148361,41.53524355,Social,households_one_family_married_or_same_sex_civil_partnership,551
1_family_only_household_same_sex_civil_partnership_couple_all_children_not_dependent,-0.36345702,0.007532957,0.011490368,0.010888252,Social,households_1_family_only_same_sex_civil_partnership_couple_all_children_not_dependent,552
living_in_married_or_registered_same_sex_civil_partnership_couple,-0.36547226,74.94538606,114.633998,108.5954155,Social,people_living_in_married_or_registered_same_sex_civil_partnership_couple,553
peope_living_in_a_couple_married,-0.365573193,74.64030132,114.18317,108.1667622,Social,peope_living_in_a_couple_married,554
country_of_birth_Scotland,-0.372711931,2.557438795,3.950996958,3.738968481,Demographic,people_country_of_birth_Scotland,555
people_occupation_administrative_secretarial,-0.37469868,12.31073446,19.07130787,18.04269341,Economic,people_occupation_administrative_secretarial,556
1_family_only_households_same_sex_civil_partnership_couple,-0.375895976,0.128060264,0.198715782,0.187965616,Social,people_1_family_only_households_same_sex_civil_partnership_couple,557
total_cars_or_vans_in_area,-0.378566974,109.5065913,170.5576208,161.2687679,Economic,total_cars_or_vans_in_area,558
age_of_HRP_35_less_2_person_household_no_dependent_children,-0.384878421,7.389830508,11.61169314,10.96934097,Social,people_age_of_HRP_35_less_2_person_household_no_dependent_children,559
age_92,-0.385281016,0.212806026,0.334572491,0.316045845,Demographic,people_age_92,560
age_55_to_64_2_plus_person_household_no_dependent_children,-0.385623218,16.89642185,26.57722203,25.10429799,Social,people_age_55_to_64_2_plus_person_household_no_dependent_children,561
age_93,-0.390383046,0.171374765,0.271375465,0.256160458,Demographic,people_age_93,562
other_household_1_adult_age_16_to_64_and_1_age_65_plus_and_no_children_or_2_adults_age_65_plus_and_no_children,-0.392549209,21.61958569,34.33997972,32.40458453,Social,people_other_1_adult_age_16_to_64_and_1_age_65_plus_and_no_children_or_2_adults_age_65_plus_and_no_children,563
other_households_1_adult_age_16_to_64_and_1_age_65_plus_and_no_children_or_2_adults_age_65_plus_and_no_children,-0.392549209,10.80979284,17.16998986,16.20229226,Social,households_other_1_adult_age_16_to_64_and_1_age_65_plus_and_no_children_or_2_adults_age_65_plus_and_no_children,564
religion_Jewish,-0.394370578,0.254237288,0.404866509,0.381948424,Demographic,people_religion_Jewish,565
people_highest_level_of_qualification_Level_3_qualifications,-0.395924419,23.83615819,38.042244,35.88080229,Economic,people_highest_level_of_qualification_Level_3_qualifications,566
household_owned_mortgage_or_loan,-0.397890395,28.94538606,46.32578574,43.68137536,Social,households_owned_mortgage_or_loan,567
1_family_only_household_same_sex_civil_partnership_couple,-0.399985744,0.274952919,0.441365326,0.416045845,Social,households_1_family_only_same_sex_civil_partnership_couple,568
nationality_Welsh_only,-0.400829502,3.037664783,4.882054748,4.601432665,Demographic,people_nationality_Welsh_only,569
females_occupation_administrative_secretarial,-0.401217686,9.210922787,14.81176073,13.95959885,Economic,females_occupation_administrative_secretarial,570
1_family_only_households_same_sex_civil_partnership_couple_1_dependent_child,-0.404256795,0.007532957,0.012166272,0.011461318,Social,people_1_family_only_households_same_sex_civil_partnership_couple_1_dependent_child,571
people_schoolchildren_and_full_time_students_age_18_plus,-0.411254695,11.96986817,19.52788104,18.37793696,Economic,people_schoolchildren_and_full_time_students_age_18_plus,572
females_industry_education,-0.411743103,6.971751412,11.38188577,10.71088825,Economic,females_industry_education,573
age_65_to_74_2_plus_person_household_no_dependent_children,-0.414056592,12.25235405,20.06995607,18.88051576,Social,people_age_65_to_74_2_plus_person_household_no_dependent_children,574
people_in_employment_self_employed,-0.416987251,13.70433145,22.54410274,21.1991404,Economic,people_in_employment_self_employed,575
people_industry_education,-0.418661452,9.926553672,16.36938155,15.38911175,Economic,people_industry_education,576
females_NS_SeC_small_employers_own_account_workers,-0.4204733,3.666666667,6.062521122,5.697994269,Economic,females_NS_SeC_small_employers_own_account_workers,577
1_family_only_household_same_sex_civil_partnership_couple_1_dependent_child,-0.423164008,0.02259887,0.037512673,0.035243553,Social,households_1_family_only_same_sex_civil_partnership_couple_1_dependent_child,578
nationality_Cornish_only,-0.430987682,0.079096045,0.13281514,0.124641834,Demographic,people_nationality_Cornish_only,579
females_industry_public_administration_defence,-0.432349099,2.779661017,4.676917878,4.388252149,Economic,females_industry_public_administration_defence,580
country_of_birth_Wales,-0.434472566,4.917137476,8.299425482,7.784813754,Demographic,people_country_of_birth_Wales,581
males_industry_education,-0.434501156,2.95480226,4.987495776,4.678223496,Economic,males_industry_education,582
married_couple_households_no_dependent_children,-0.434613087,21.28813559,35.93883069,33.70974212,Social,households_married_couple_no_dependent_children,583
females_industry_real_estate,-0.444848142,0.698681733,1.197701926,1.121776504,Economic,females_industry_real_estate,584
country_of_birth_Northern_Ireland,-0.447202282,0.696798493,1.198715782,1.12234957,Demographic,people_country_of_birth_Northern_Ireland,585
females_NS_SeC_lower_managerial_administrative_professional,-0.451165542,16.38229755,28.352146,26.53094556,Economic,females_NS_SeC_lower_managerial_administrative_professional,586
females_industry_financial_insurance,-0.45639723,2.640301318,4.605947955,4.306876791,Economic,females_industry_financial_insurance,587
nationality_Welsh_other,-0.46328469,0.482109228,0.849949307,0.793982808,Demographic,people_nationality_Welsh_other,588
males_full_time_worked_49_hours_plus,-0.466161157,8.352165725,14.7901318,13.81060172,Economic,males_full_time_worked_49_hours_plus,589
age_100_plus,-0.467538079,0.050847458,0.090233187,0.084240688,Demographic,people_age_100_plus,590
people_industry_real_estate,-0.469804442,1.233521657,2.19668807,2.050143266,Economic,people_industry_real_estate,591
nationality_Irish_other_no_Northern_Irish,-0.472207762,0.096045198,0.171679621,0.16017192,Demographic,people_nationality_Irish_other_no_Northern_Irish,592
medical_and_care_establishment_other,-0.472782384,0.062146893,0.111186212,0.103724928,Environmental,medical_and_care_establishment_other,593
one_family_household_married_or_same_sex_civil_partnership_no_children,-0.473127373,9.436911488,16.89253126,15.75816619,Social,households_one_family_married_or_same_sex_civil_partnership_no_children,594
1_family_only_households_married_couple_no_children,-0.474418375,9.322033898,16.72051369,15.59484241,Social,people_1_family_only_households_married_couple_no_children,595
1_family_only_household_married_couple_no_children,-0.474418375,18.6440678,33.44102737,31.18968481,Social,households_1_family_only_married_couple_no_children,596
people_NS_SeC_lower_managerial_administrative_professional,-0.478532817,29.02448211,52.39607976,48.84011461,Economic,people_NS_SeC_lower_managerial_administrative_professional,597
household_owned,-0.479960506,49.74387947,90.00101386,83.87593123,Social,households_owned,598
people_full_time_worked_49_hours_plus,-0.490136915,10.50094162,19.30753633,17.96762178,Economic,people_full_time_worked_49_hours_plus,599
ethnicty_asian_Chinese,-0.493420852,1.288135593,2.380871916,2.214613181,Demographic,people_ethnicty_asian_Chinese,600
males_industry_real_estate,-0.499959971,0.534839925,0.998986144,0.928366762,Economic,males_industry_real_estate,601
total_communal_establishments,-0.502847772,0.197740113,0.371071308,0.34469914,Environmental,total_communal_establishments,602
males_NS_SeC_lower_managerial_administrative_professional,-0.511079062,12.64218456,24.04393376,22.30916905,Economic,males_NS_SeC_lower_managerial_administrative_professional,603
1_family_households_age_65_plus,-0.513220049,6.04519774,11.53768165,10.70200573,Social,people_1_family_households_age_65_plus,604
one_family_household_all_age_65_plus,-0.513220049,6.04519774,11.53768165,10.70200573,Social,households_one_family_all_age_65_plus,605
1_family_only_household_all_age_65_plus,-0.513241134,12.09227872,23.07975667,21.40802292,Social,households_1_family_only_all_age_65_plus,606
females_occupation_associate_professional_technical,-0.514865321,4.813559322,9.211895911,8.54269341,Economic,females_occupation_associate_professional_technical,607
females_occupation_managers_directors_senior_officials,-0.51878579,3.088512241,5.948969246,5.513753582,Economic,females_occupation_managers_directors_senior_officials,608
people_industry_public_administration_defence,-0.521632135,5.352165725,10.35789118,9.596275072,Economic,people_industry_public_administration_defence,609
full_time_students_age_18_to_74_economically_inactive,-0.529131253,6.13559322,12.02365664,11.1277937,Economic,full_time_students_age_18_to_74_economically_inactive,610
1_family_only_households_same_sex_civil_partnership_couple_all_children_not_dependent,-0.533456082,0.001883239,0.003717472,0.003438395,Social,people_1_family_only_households_same_sex_civil_partnership_couple_all_children_not_dependent,611
households_2_cars_or_vans,-0.53837794,18.92843691,37.67725583,34.82464183,Social,households_2_cars_or_vans,612
people_industry_financial_insurance,-0.546655846,4.514124294,9.113551876,8.413753582,Economic,people_industry_financial_insurance,613
age_99,-0.550915445,0.02259887,0.045961473,0.042406877,Demographic,people_age_99,614
people_occupation_associate_professional_technical,-0.555228926,10.4519774,21.41703278,19.7487106,Economic,people_occupation_associate_professional_technical,615
males_industry_electricity_gas_steam_air_conditioning_supply,-0.557221837,0.316384181,0.650557621,0.599713467,Economic,males_industry_electricity_gas_steam_air_conditioning_supply,616
females_in_employment_self_employed,-0.557471462,3.389830508,6.973301791,6.428080229,Economic,females_in_employment_self_employed,617
second_address_outside_UK,-0.563975921,2.357815443,4.906049341,4.518338109,Economic,people_second_address_outside_UK,618
females_industry_information_communication,-0.567290669,1.101694915,2.30584657,2.122636103,Economic,females_industry_information_communication,619
household_owned_outright,-0.56915008,20.79849341,43.67522812,40.19455587,Social,households_owned_outright,620
females_full_time_worked_49_hours_plus,-0.569790042,2.148775895,4.517404529,4.157020057,Economic,females_full_time_worked_49_hours_plus,621
people_industry_electricity_gas_steam_air_conditioning_supply,-0.580749466,0.361581921,0.775261913,0.712320917,Economic,people_industry_electricity_gas_steam_air_conditioning_supply,622
same_sex_civil_partnership_couple_households_dependent_children,-0.583148116,0.011299435,0.024332545,0.02234957,Social,households_same_sex_civil_partnership_couple_dependent_children,623
males_occupation_associate_professional_technical,-0.58599935,5.638418079,12.20513687,11.20601719,Economic,males_occupation_associate_professional_technical,624
people_occupation_managers_directors_senior_officials,-0.588849134,7.728813559,16.81750591,15.43467049,Economic,people_occupation_managers_directors_senior_officials,625
age_98,-0.590303769,0.035781544,0.078066914,0.071633238,Demographic,people_age_98,626
total_second_address,-0.590509002,10.57062147,23.07130787,21.16934097,Economic,people_total_second_address,627
age_96,-0.59272181,0.062146893,0.13619466,0.124928367,Demographic,people_age_96,628
males_industry_public_administration_defence,-0.596861542,2.572504708,5.680973302,5.208022923,Economic,males_industry_public_administration_defence,629
second_address_in_UK,-0.597708894,8.212806026,18.16525853,16.65100287,Economic,people_second_address_in_UK,630
people_highest_level_of_qualification_Level_4_qualifications_and_above,-0.602644531,37.46704331,83.63703954,76.61232092,Economic,people_highest_level_of_qualification_Level_4_qualifications_and_above,631
nationality_Northern_Irish_other,-0.603024929,0.054613936,0.122000676,0.111747851,Demographic,people_nationality_Northern_Irish_other,632
people_industry_information_communication,-0.616353335,3.404896422,7.800608314,7.131805158,Economic,people_industry_information_communication,633
females_occupation_professional,-0.62110917,6.939736347,16.04494762,14.65959885,Economic,females_occupation_professional,634
males_occupation_managers_directors_senior_officials,-0.627788279,4.640301318,10.86853667,9.920916905,Economic,males_occupation_managers_directors_senior_officials,635
female_school_children_full_time_students_at_non_term_time_address,-0.6340136,0.824858757,1.955728287,1.783667622,Social,female_school_children_full_time_students_at_non_term_time_address,636
males_industry_information_communication,-0.637143646,2.303201507,5.494761744,5.009169054,Economic,males_industry_information_communication,637
nationality_Cornish_other,-0.637649056,0.024482109,0.058465698,0.053295129,Demographic,people_nationality_Cornish_other,638
school_children_full_time_students_at_non_term_time_address,-0.637885046,1.649717514,3.941534302,3.592836676,Social,school_children_full_time_students_at_non_term_time_address,639
student,-0.637885046,1.649717514,3.941534302,3.592836676,Demographic,student,640
females_industry_professional_scientific_technical,-0.639956713,2.312617702,5.548158162,5.055873926,Economic,females_industry_professional_scientific_technical,641
males_industry_financial_insurance,-0.641309949,1.873822976,4.50760392,4.106876791,Economic,males_industry_financial_insurance,642
male_school_children_full_time_students_at_non_term_time_address,-0.641701921,0.824858757,1.985806016,1.809169054,Social,male_school_children_full_time_students_at_non_term_time_address,643
households_3_cars_or_vans,-0.659424049,3.354048964,8.370395404,7.607163324,Social,households_3_cars_or_vans,644
people_occupation_professional,-0.66243725,13.39171375,33.62926664,30.55014327,Economic,people_occupation_professional,645
people_industry_professional_scientific_technical,-0.666125785,4.809792844,12.17134167,11.0512894,Economic,people_industry_professional_scientific_technical,646
nationality_Scottish_other,-0.67413975,0.165725047,0.426495438,0.386819484,Demographic,people_nationality_Scottish_other,647
medical_and_care_establishment_other_care_home_without_nursing,-0.686565085,0.463276836,1.224400135,1.108595989,Environmental,medical_and_care_establishment_other_care_home_without_nursing,648
males_industry_professional_scientific_technical,-0.688193902,2.497175141,6.623183508,5.995415473,Economic,males_industry_professional_scientific_technical,649
age_97,-0.689117874,0.039548023,0.105103075,0.09512894,Demographic,people_age_97,650
females_NS_SeC_large_employers_higher_managerial_administrative,-0.695177744,0.768361582,2.069280162,1.871346705,Economic,females_NS_SeC_large_employers_higher_managerial_administrative,651
males_occupation_professional,-0.700563891,6.451977401,17.58431903,15.89054441,Economic,males_occupation_professional,652
females_industry_electricity_gas_steam_air_conditioning_supply,-0.70605055,0.04519774,0.124704292,0.11260745,Economic,females_industry_electricity_gas_steam_air_conditioning_supply,653
females_industry_mining_quarrying,-0.70605055,0.015065913,0.041568097,0.037535817,Economic,females_industry_mining_quarrying,654
nationality_Welsh_British_only,-0.714108087,0.38606403,1.084825955,0.978510029,Demographic,people_nationality_Welsh_British_only,655
medical_and_care_establishment_other_care_home_with_nursing,-0.719955715,0.421845574,1.201419398,1.082808023,Environmental,medical_and_care_establishment_other_care_home_with_nursing,656
[1_family_only_households_same_sex_civil_partnership_couple_2_plus_dependent_children,-0.723455034,0.003766478,0.010814464,0.00974212,Social,people_1_family_only_households_same_sex_civil_partnership_couple_2_plus_dependent_children,657
nationality_Scottish_British_only,-0.733885475,0.184557439,0.543088881,0.488538682,Demographic,people_nationality_Scottish_British_only,658
households_4_cars_or_vans,-0.755712091,1.024482109,3.179452518,2.851575931,Social,households_4_cars_or_vans,659
females_industry_agriculture_forestry_fishing,-0.755848298,0.075329567,0.233862791,0.20974212,Economic,females_industry_agriculture_forestry_fishing,660
people_NS_SeC_large_employers_higher_managerial_administrative,-0.755934367,1.822975518,5.660696181,5.076790831,Economic,people_NS_SeC_large_employers_higher_managerial_administrative,661
nationality_Northern_Irish_British_only,-0.759934833,0.043314501,0.135856708,0.121776504,Demographic,people_nationality_Northern_Irish_British_only,662
females_NS_SeC_higher_managerial_administrative_professional,-0.763686884,3.36346516,10.65021967,9.541547278,Economic,females_NS_SeC_higher_managerial_administrative_professional,663
1_family_only_household_same_sex_civil_partnership_couple_2_plus_dependent_children,-0.768752797,0.015065913,0.048327138,0.043266476,Social,households_1_family_only_same_sex_civil_partnership_couple_2_plus_dependent_children,664
people_NS_SeC_higher_managerial_administrative_professional,-0.774515669,9.519774011,30.99560662,27.72808023,Economic,people_NS_SeC_higher_managerial_administrative_professional,665
males_NS_SeC_higher_professional,-0.777799008,5.101694915,16.75397094,14.98108883,Economic,males_NS_SeC_higher_professional,666
people_industry_agriculture_forestry_fishing,-0.778212496,0.235404896,0.773910105,0.691977077,Economic,people_industry_agriculture_forestry_fishing,667
people_NS_SeC_higher_professional,-0.778680261,7.696798493,25.33491044,22.6512894,Economic,people_NS_SeC_higher_professional,668
males_NS_SeC_higher_managerial_administrative_professional,-0.780196981,6.156308851,20.34538696,18.18653295,Economic,males_NS_SeC_higher_managerial_administrative_professional,669
females_NS_SeC_higher_professional,-0.780401486,2.595103578,8.580939507,7.670200573,Economic,females_NS_SeC_higher_professional,670
other_household_types_all_students,-0.780612177,0.561205273,1.856708347,1.659598854,Social,households_other_types_all_students,671
other_households_all_full_time_student,-0.780612177,0.561205273,1.856708347,1.659598854,Social,people_other_households_all_full_time_student,672
multi_person_households_all_full_time_students,-0.784961298,0.544256121,1.821561338,1.62722063,Social,households_multi_person_all_full_time_students,673
males_industry_agriculture_forestry_fishing,-0.787939527,0.16007533,0.540047313,0.482234957,Economic,males_industry_agriculture_forestry_fishing,674
males_NS_SeC_large_employers_higher_managerial_administrative,-0.791404243,1.054613936,3.591416019,3.205444126,Economic,males_NS_SeC_large_employers_higher_managerial_administrative,675
people_industry_mining_quarrying,-0.793663045,0.060263653,0.206488679,0.184240688,Economic,people_industry_mining_quarrying,676
males_industry_mining_quarrying,-0.816079523,0.04519774,0.164920581,0.146704871,Economic,males_industry_mining_quarrying,677
other_household_all_full_time_student,-0.835672045,1.992467043,7.704967895,6.835816619,Social,households_other_all_full_time_student,678
usual_residents_by_communal_establishment_management_and_type,-0.845613949,1.894538606,7.55457925,6.693409742,Environmental,usual_residents_by_communal_establishment_management_and_type,679
lives_in_a_communal_establishment,-0.845613949,1.894538606,7.55457925,6.693409742,Economic,people_live_in_a_communal_establishment,680
lives_in_communal_establishment,-0.845613949,1.894538606,7.55457925,6.693409742,Economic,people_live_in_communal_establishment,681
nationality_Irish_Northern_Irish_only,-0.881300317,0.001883239,0.0084488,0.007449857,Demographic,people_nationality_Irish_Northern_Irish_only,682
area_hectares,-0.904372262,8.86182678,43.22486319,37.99656166,Environmental,area_hectares,683
house_or_bungalow_detached,-0.925139684,5.380414313,28.46569787,24.95329513,Environmental,house_or_bungalow_detached,684
other_establishments,-0.946075609,0.800376648,4.627238932,4.044985673,Environmental,other_establishments,685
caravan_or_other_mobile_or_temporary_structure,-1.059745176,0.062146893,0.711051031,0.612320917,Environmental,caravan_or_other_mobile_or_temporary_structure,686
establishment_not_stated,-1.132184486,0.005649718,0.165258533,0.140974212,Environmental,establishment_not_stated,687
medical_and_care_establishment_NHS_mental_health_hospital_unit_including_secure_units,-1.179452518,0,0.041568097,0.035243553,Environmental,medical_and_care_establishment_NHS_mental_health_hospital_unit_including_secure_units,688
medical_and_care_establishment_other_childrens_home_including_secure_units,-1.179452518,0,0.025346401,0.021489971,Environmental,medical_and_care_establishment_other_childrens_home_including_secure_units,689
medical_and_care_establishment_NHS_general_hospital,-1.179452518,0,0.00337952,0.00286533,Environmental,medical_and_care_establishment_NHS_general_hospital,690
nationality_Irish_Northern_Irish_British_only,-1.179452518,0,0.004393376,0.003724928,Demographic,people_nationality_Irish_Northern_Irish_British_only,691
medical_and_care_establishment_NHS_other_hospital,-1.179452518,0,0.004731328,0.004011461,Environmental,medical_and_care_establishment_NHS_other_hospital,692
