Feature,Importance,categories,display_names,Count
people_NS_SeC_never_worked_long_term_unemployed,0.285055253,Economic,people_NS_SeC_never_worked_long_term_unemployed,1
household_social_rented_rented_from_council_local_authority,0.114868971,Social,households_social_rented_rented_from_council_local_authority,2
people_ecominically_inactive_long_term_sick_or_disabled,0.099912713,Economic,people_ecominically_inactive_long_term_sick_or_disabled,3
households_no_cars_no_vans,0.083533312,Social,households_no_cars_no_vans,4
total_cars_or_vans_in_area,0.07130945,Economic,total_cars_or_vans_in_area,5
households_2_cars_or_vans,0.028270693,Social,households_2_cars_or_vans,6
average_number_of_rooms_per_household,0.027265515,Economic,average_number_of_rooms_per_household,7
ethnicity_white_English_Welsh_Scottish_Northern_Irish_British,0.016368577,Demographic,people_ethnicity_white_English_Welsh_Scottish_Northern_Irish_British,8
people_NS_SeC_higher_managerial_administrative_professional,0.011481143,Economic,people_NS_SeC_higher_managerial_administrative_professional,9
females_NS_SeC_never_worked_long_term_unemployed,0.010546175,Economic,females_NS_SeC_never_worked_long_term_unemployed,10
people_NS_SeC_routine,0.010005247,Economic,people_NS_SeC_routine,11
males_NS_SeC_higher_managerial_administrative_professional,0.009504972,Economic,males_NS_SeC_higher_managerial_administrative_professional,12
males_NS_SeC_higher_professional,0.007869817,Economic,males_NS_SeC_higher_professional,13
people_highest_level_of_qualification_Level_4_qualifications_and_above,0.007826541,Economic,people_highest_level_of_qualification_Level_4_qualifications_and_above,14
ethnicty_black,0.006951616,Demographic,people_ethnicty_black,15
households_with_no_adults_in_employment_dependent_children,0.006655599,Social,households_no_adults_in_employment_dependent_children,16
household_owned_outright,0.006439674,Social,households_owned_outright,17
females_NS_SeC_lower_managerial_administrative_professional,0.005671882,Economic,females_NS_SeC_lower_managerial_administrative_professional,18
people_NS_SeC_never_worked,0.00548607,Economic,people_NS_SeC_never_worked,19
males_NS_SeC_routine,0.004014563,Economic,males_NS_SeC_routine,20
house_or_bungalow_detached,0.003926601,Environmental,house_or_bungalow_detached,21
females_NS_SeC_never_worked,0.003146696,Economic,females_NS_SeC_never_worked,22
people_unemployed,0.002983365,Economic,people_unemployed,23
people_ecominically_inactive_looking_after_home_or_family,0.002898671,Economic,people_ecominically_inactive_looking_after_home_or_family,24
flat_maisonette_or_apartment_converted_or_shared_house_including_bed_sits,0.00272234,Environmental,flat_maisonette_or_apartment_converted_or_shared_house_including_bed_sits,25
people_NS_SeC_higher_professional,0.002386134,Economic,people_NS_SeC_higher_professional,26
ethnicty_black_other,0.002230526,Demographic,people_ethnicty_black_other,27
household_social_rented,0.00214795,Social,households_social_rented,28
people_NS_SeC_semi_routine,0.002050918,Economic,people_NS_SeC_semi_routine,29
ethnicity_white,0.002039621,Demographic,people_ethnicity_white,30
ethnicty_black_African,0.001957362,Demographic,people_ethnicty_black_African,31
household_owned,0.001794461,Social,households_owned,32
country_of_birth_other_EU_accession_countries_April_2001_to_March_2011,0.001786834,Demographic,people_country_of_birth_other_EU_accession_countries_April_2001_to_March_2011,33
males_ecominically_inactive_long_term_sick_or_disabled,0.001655247,Economic,males_ecominically_inactive_long_term_sick_or_disabled,34
males_NS_SeC_semi_routine,0.001625923,Economic,males_NS_SeC_semi_routine,35
people_no_qualifications,0.00157166,Economic,people_no_qualifications,36
nationality_British_other,0.001500064,Demographic,people_nationality_British_other,37
household_social_rented_other,0.001469294,Social,households_social_rented_other,38
household_spaces_with_no_usual_residents,0.001379278,Environmental,household_spaces_with_no_usual_residents,39
females_ecominically_inactive,0.001297438,Economic,females_ecominically_inactive,40
average_number_of_bedrooms_per_household,0.001291431,Economic,average_number_of_bedrooms_per_household,41
people_industry_public_administration_defence,0.001280084,Economic,people_industry_public_administration_defence,42
age_of_HRP_35_less_2_person_household_dependent_children,0.001267395,Social,people_age_of_HRP_35_less_2_person_household_dependent_children,43
people_occupation_process_plant_machine_operatives,0.001264826,Economic,people_occupation_process_plant_machine_operatives,44
people_occupation_professional,0.001248311,Economic,people_occupation_professional,45
people_NS_SeC_lower_managerial_administrative_professional,0.001245566,Economic,people_NS_SeC_lower_managerial_administrative_professional,46
bad_health,0.001218353,Demographic,people_bad_health,47
disability_daily_activities_limited_a_lot_age_16_to_64,0.001209786,Demographic,people_disability_daily_activities_limited_a_lot_age_16_to_64,48
lone_parent_not_in_employment,0.001190071,Social,households_lone_parent_not_in_employment,49
nationality_other_only,0.001170753,Demographic,people_nationality_other_only,50
males_NS_SeC_never_worked_long_term_unemployed,0.001164103,Economic,males_NS_SeC_never_worked_long_term_unemployed,51
females_ecominically_inactive_long_term_sick_or_disabled,0.001113324,Economic,females_ecominically_inactive_long_term_sick_or_disabled,52
males_occupation_process_plant_machine_operatives,0.00110874,Economic,males_occupation_process_plant_machine_operatives,53
ethnicty_black_Caribbean,0.001055865,Demographic,people_ethnicty_black_Caribbean,54
males_occupation_elementary,0.001039503,Economic,males_occupation_elementary,55
people_ecominically_inactive,0.001017033,Economic,people_ecominically_inactive,56
religion_Christian,0.001008239,Demographic,people_religion_Christian,57
age_of_HRP_65_plus,0.000910761,Social,people_age_of_HRP_65_plus,58
religion_Muslim,0.00090822,Demographic,people_religion_Muslim,59
households_3_cars_or_vans,0.000899862,Social,households_3_cars_or_vans,60
males_unemployed,0.000840871,Economic,males_unemployed,61
other_households_3_plus_adults_and_no_children,0.000819086,Social,households_other_3_plus_adults_and_no_children,62
people_occupation_associate_professional_technical,0.000818758,Economic,people_occupation_associate_professional_technical,63
females_unemployed,0.000800379,Economic,females_unemployed,64
ethnicty_mixed_white_black_Caribbean,0.000800152,Demographic,people_ethnicty_mixed_white_black_Caribbean,65
female_lone_parent_not_in_employment,0.00079276,Social,households_female_lone_parent_not_in_employment,66
house_or_bungalow_terraced,0.000780753,Environmental,house_or_bungalow_terraced,67
number_of_persons_per_hectare,0.000769933,Economic,people_per_hectare,68
households_main_language_all_age_16_plus_English,0.000742567,Demographic,households_main_language_all_age_16_plus_English,69
households_main_language_no_age_16_plus_English_no_age_3_to_15_English,0.000736877,Demographic,households_main_language_no_age_16_plus_English_no_age_3_to_15_English,70
disability_daily_activities_limited_a_little_age_16_to_64,0.000736838,Demographic,people_disability_daily_activities_limited_a_little_age_16_to_64,71
total_second_address,0.000721464,Economic,people_total_second_address,72
area_hectares,0.000712856,Environmental,area_hectares,73
other_household_other,0.000706932,Social,households_other_other,74
nationality_English_only,0.000703855,Demographic,people_nationality_English_only,75
age_mean,0.000703564,Demographic,mean_age,76
nationality_English_British_only,0.000696699,Demographic,people_nationality_English_British_only,77
people_occupation_elementary,0.000692432,Economic,people_occupation_elementary,78
1_adult_in_household,0.000686584,Social,households_1_adult_in,79
people_unemployed_age_16_to_24,0.000680349,Economic,people_unemployed_age_16_to_24,80
households_1_car_or_van,0.000679556,Social,households_1_car_or_van,81
country_of_birth_other,0.000627414,Demographic,people_country_of_birth_other,82
males_ecominically_inactive,0.000626241,Economic,males_ecominically_inactive,83
people_industry_education,0.000621312,Economic,people_industry_education,84
people_ecominically_inactive_other,0.000589166,Economic,people_ecominically_inactive_other,85
females_NS_SeC_routine,0.000589073,Economic,females_NS_SeC_routine,86
age_35_to_54_no_dependent_children,0.000574492,Social,people_age_35_to_54_no_dependent_children,87
females_industry_education,0.000547908,Economic,females_industry_education,88
flat_maisonette_or_apartment_in_commercial_building,0.000546558,Environmental,flat_maisonette_or_apartment_in_commercial_building,89
females_NS_SeC_semi_routine,0.000539383,Economic,females_NS_SeC_semi_routine,90
males_occupation_professional,0.000538822,Economic,males_occupation_professional,91
1_person_household_lone_parent_2_plus_dependent_children,0.00053843,Social,households_1_person_lone_parent_2_plus_dependent_children,92
people_highest_level_of_qualification_Level_3_qualifications,0.000535681,Economic,people_highest_level_of_qualification_Level_3_qualifications,93
1_family_only_household_married_couple,0.000527108,Social,households_1_family_only_married_couple,94
households_occupancy_rating_bedrooms_of_minus_1_or_less,0.000516655,Social,households_occupancy_rating_bedrooms_of_minus_1_or_less,95
country_of_birth_other_EU,0.000505718,Demographic,people_country_of_birth_other_EU,96
other_household_3_plus_adults_and_no_children,0.00049732,Social,households_other_3_plus_adults_and_no_children,97
males_NS_SeC_small_employers_own_account_workers,0.000488487,Economic,males_NS_SeC_small_employers_own_account_workers,98
second_address_in_UK,0.000484705,Economic,people_second_address_in_UK,99
1_family_only_household_married_couple_2_plus_dependent_children,0.000484513,Social,households_1_family_only_married_couple_2_plus_dependent_children,100
other_household,0.000481463,Social,households_other,101
people_industry_transport_storage,0.000474409,Economic,people_industry_transport_storage,102
age_75_plus_1_person_household,0.000471501,Social,people_age_75_plus_1_person_household,103
house_or_bungalow_semi_detached,0.000462365,Environmental,house_or_bungalow_semi_detached,104
age_16_to_24,0.000460618,Demographic,people_age_16_to_24,105
people_highest_level_of_qualification_Level_1_qualifications,0.000453422,Economic,people_highest_level_of_qualification_Level_1_qualifications,106
disability_daily_activities_limited_a_lot,0.000451832,Demographic,people_disability_daily_activities_limited_a_lot,107
age_55_to_64,0.000451018,Demographic,people_age_55_to_64,108
households_with_one_person_with_long_term_health_problem_or_disability_dependent_children,0.000449154,Social,households_one_person_long_term_health_problem_or_disability_dependent_children,109
flat_maisonette_or_apartment_block_of_flats_or_tenemen,0.000443722,Environmental,flat_maisonette_or_apartment_block_of_flats_or_tenemen,110
age_65_to_74,0.000442917,Demographic,people_age_65_to_74,111
provides_1_to_19_hours_unpaid_care_per_week,0.00043817,Social,people_provide_1_to_19_hours_unpaid_care_per_week,112
females_occupation_professional,0.000434118,Economic,females_occupation_professional,113
household_owned_mortgage_or_loan,0.00043069,Social,households_owned_mortgage_or_loan,114
one_family_household_married_or_same_sex_civil_partnership_dependent_children,0.000430464,Social,households_one_family_married_or_same_sex_civil_partnership_dependent_children,115
males_in_employment_part_time,0.00042594,Economic,males_in_employment_part_time,116
ethnicty_asian_Indian,0.000425871,Demographic,people_ethnicty_asian_Indian,117
females_occupation_associate_professional_technical,0.000424423,Economic,females_occupation_associate_professional_technical,118
people_highest_level_of_qualification_other,0.000422726,Economic,people_highest_level_of_qualification_other,119
very_good_health,0.000421864,Demographic,people_very_good_health,120
ethnicty_asian,0.000413031,Demographic,people_ethnicty_asian,121
age_75_plus,0.000411679,Demographic,people_age_75_plus,122
males_occupation_associate_professional_technical,0.00041011,Economic,males_occupation_associate_professional_technical,123
1_person_household_lone_parent,0.000409016,Social,households_1_person_lone_parent,124
separated,0.000407833,Social,people_separated,125
people_occupation_caring_leisure_other_service,0.000404257,Economic,people_occupation_caring_leisure_other_service,126
males_industry_construction,0.000403511,Economic,males_industry_construction,127
age_25_to_34_youngest_dependent_child_age_5_to_10,0.000400045,Social,people_age_25_to_34_youngest_dependent_child_age_5_to_10,128
1_family_only_household_cohabiting_couple,0.000395521,Social,households_1_family_only_cohabiting_couple,129
people_in_employment_self_employed,0.000392586,Economic,people_in_employment_self_employed,130
males_NS_SeC_lower_managerial_administrative_professional,0.000391285,Economic,males_NS_SeC_lower_managerial_administrative_professional,131
females_ecominically_inactive_looking_after_home_or_family,0.00038857,Economic,females_ecominically_inactive_looking_after_home_or_family,132
females_part_time_worked_15_hours_or_less,0.000387178,Economic,females_part_time_worked_15_hours_or_less,133
households_with_no_adults_in_employment,0.000386634,Social,households_no_adults_in_employment,134
males_industry_public_administration_defence,0.00038524,Economic,males_industry_public_administration_defence,135
other_household_2_plus_dependent_children,0.000384928,Social,households_other_2_plus_dependent_children,136
males_NS_SeC_never_worked,0.000384859,Economic,males_NS_SeC_never_worked,137
ethnicty_mixed,0.000379702,Demographic,people_ethnicty_mixed,138
ethnicty_asian_Pakistani,0.000376127,Demographic,people_ethnicty_asian_Pakistani,139
males_ecominically_inactive_other,0.000374745,Economic,males_ecominically_inactive_other,140
other_household_2_adults_and_1_or_2_children,0.000374273,Social,households_other_2_adults_and_1_or_2_children,141
people_religous,0.000373944,Demographic,people_religous,142
single,0.000372773,Social,people_single,143
people_industry_information_communication,0.000370278,Economic,people_industry_information_communication,144
males_industry_professional_scientific_technical,0.000367795,Economic,males_industry_professional_scientific_technical,145
household_private_rented_private_landlord_or_letting_agency,0.000359972,Social,households_private_rented_private_landlord_or_letting_agency,146
females_in_employment_self_employed,0.000358576,Economic,females_in_employment_self_employed,147
lone_parent_households_dependent_children,0.000357385,Social,households_lone_parent_dependent_children,148
other_household_2_adults_and_3_plus_children,0.000356284,Social,households_other_2_adults_and_3_plus_children,149
age_of_HRP_35_to_54_1_person_household,0.000355385,Social,people_age_of_HRP_35_to_54_1_person_household,150
provides_50_plus_hours_unpaid_care_per_week,0.000340173,Social,people_provide_50_plus_hours_unpaid_care_per_week,151
males_industry_transport_storage,0.000337755,Economic,males_industry_transport_storage,152
nationality_British_only,0.000333552,Demographic,people_nationality_British_only,153
country_of_birth_Scotland,0.000327253,Demographic,people_country_of_birth_Scotland,154
nationality_no_English,0.000326309,Demographic,people_nationality_no_English,155
males_NS_SeC_intermediate,0.000325655,Economic,males_NS_SeC_intermediate,156
males_unemployed_age_16_to_24,0.000323183,Economic,males_unemployed_age_16_to_24,157
males_industry_accommodation_food_service,0.000321884,Economic,males_industry_accommodation_food_service,158
people_industry_accommodation_food_service,0.000321296,Economic,people_industry_accommodation_food_service,159
people_NS_SeC_large_employers_higher_managerial_administrative,0.000320814,Economic,people_NS_SeC_large_employers_higher_managerial_administrative,160
males_industry_wholesale_and_retail_trade,0.000317886,Economic,males_industry_wholesale_and_retail_trade,161
people_NS_SeC_intermediate,0.000317868,Economic,people_NS_SeC_intermediate,162
age_of_HRP_35_less_1_person_household,0.000317121,Social,people_age_of_HRP_35_less_1_person_household,163
ethnicity_white_other,0.000316823,Demographic,people_ethnicity_white_other,164
households_occupancy_rating_rooms_of_minus_1_or_less,0.000313905,Social,households_occupancy_rating_rooms_of_minus_1_or_less,165
males_industry_manufacturing,0.000312986,Economic,males_industry_manufacturing,166
age_65_to_74_2_plus_person_household_no_dependent_children,0.000306781,Social,people_age_65_to_74_2_plus_person_household_no_dependent_children,167
males_industry_information_communication,0.000305436,Economic,males_industry_information_communication,168
females_occupation_caring_leisure_other_service,0.000304559,Economic,females_occupation_caring_leisure_other_service,169
people_industry_professional_scientific_technical,0.000303875,Economic,people_industry_professional_scientific_technical,170
households_main_language_no_age_16_plus_English_some_age_3_to_15_English,0.000302352,Demographic,households_main_language_no_age_16_plus_English_some_age_3_to_15_English,171
age_6,0.000299266,Demographic,people_age_6,172
age_13,0.000299124,Demographic,people_age_13,173
widowed,0.000295127,Social,people_widowed,174
married,0.000294011,Social,people_married,175
people_industry_human_health_social_work,0.000293406,Economic,people_industry_human_health_social_work,176
country_of_birth_England,0.000292405,Demographic,people_country_of_birth_England,177
1_person_household_lone_parent_1_dependent_child,0.000291157,Social,households_1_person_lone_parent_1_dependent_child,178
people_not_living_in_a_couple_Total_measures_Value,0.000290847,Social,people_not_living_in_a_couple_Total_measures_Value,179
1_family_only_household_married_couple_1_dependent_child,0.000290577,Social,households_1_family_only_married_couple_1_dependent_child,180
age_5_to_7,0.000290303,Demographic,people_age_5_to_7,181
people_highest_level_of_qualification_Level_2_qualifications,0.000289452,Economic,people_highest_level_of_qualification_Level_2_qualifications,182
not_living_in_couple,0.000289135,Social,people_not_living_in_couple,183
females_occupation_administrative_secretarial,0.000289091,Economic,females_occupation_administrative_secretarial,184
people_full_time_worked_49_hours_plus,0.000288935,Economic,people_full_time_worked_49_hours_plus,185
living_in_married_or_registered_same_sex_civil_partnership_couple,0.000287771,Social,people_living_in_married_or_registered_same_sex_civil_partnership_couple,186
divorced,0.000286506,Social,people_divorced,187
age_25_to_34,0.000284295,Demographic,people_age_25_to_34,188
females_NS_SeC_intermediate,0.000283932,Economic,females_NS_SeC_intermediate,189
people_occupation_administrative_secretarial,0.000283057,Economic,people_occupation_administrative_secretarial,190
religion_not_stated,0.00027686,Demographic,people_religion_not_stated,191
age_85_to_89,0.000275091,Demographic,people_age_85_to_89,192
1_family_only_household_cohabiting_couple_2_plus_dependent_children,0.000273696,Social,households_1_family_only_cohabiting_couple_2_plus_dependent_children,193
females_industry_human_health_social_work,0.000269088,Economic,females_industry_human_health_social_work,194
females_NS_SeC_small_employers_own_account_workers,0.000268309,Economic,females_NS_SeC_small_employers_own_account_workers,195
females_industry_professional_scientific_technical,0.000268185,Economic,females_industry_professional_scientific_technical,196
female_lone_parent,0.000266133,Social,households_female_lone_parent,197
age_25_to_29,0.000266119,Demographic,people_age_25_to_29,198
age_45_to_59,0.000264917,Demographic,people_age_45_to_59,199
males_occupation_caring_leisure_other_service,0.000263552,Economic,males_occupation_caring_leisure_other_service,200
age_35_to_54_youngest_dependent_child_age_5_to_10,0.000260453,Social,people_age_35_to_54_youngest_dependent_child_age_5_to_10,201
age_10_to_14,0.000258583,Demographic,people_age_10_to_14,202
other_household_no_adults_or_1_adult_and_1_plus_children,0.00025706,Social,households_other_no_adults_or_1_adult_and_1_plus_children,203
males_NS_SeC_lower_supervisory_technical,0.000255844,Economic,males_NS_SeC_lower_supervisory_technical,204
females_ecominically_inactive_student,0.000255651,Economic,females_ecominically_inactive_student,205
people_part_time_worked_15_hours_or_less,0.00025472,Economic,people_part_time_worked_15_hours_or_less,206
males_part_time_worked_16_to_30_hours,0.000254222,Economic,males_part_time_worked_16_to_30_hours,207
living_in_couple,0.00025413,Social,people_living_in_couple,208
fair_health,0.000249744,Demographic,people_fair_health,209
people_full_time_student,0.000249444,Economic,people_full_time_student,210
1_family_only_household_married_couple_all_children_not_dependent,0.000249057,Social,households_1_family_only_married_couple_all_children_not_dependent,211
people_not_living_in_a_couple_single_never_married_or_never_registered_a_same_sex_civil_partnership,0.000248996,Social,people_not_living_in_a_couple_single_never_married_or_never_registered_a_same_sex_civil_partnership,212
people_occupation_managers_directors_senior_officials,0.000248589,Economic,people_occupation_managers_directors_senior_officials,213
males_in_employment_full_time,0.000246089,Economic,males_in_employment_full_time,214
households_4_cars_or_vans,0.000245248,Social,households_4_cars_or_vans,215
people_not_religous,0.0002444,Demographic,people_not_religous,216
married_couple_households_no_dependent_children,0.000243299,Social,households_married_couple_no_dependent_children,217
males_industry_human_health_social_work,0.000242929,Economic,males_industry_human_health_social_work,218
one_family_household_married_or_same_sex_civil_partnership,0.000241569,Social,households_one_family_married_or_same_sex_civil_partnership,219
full_time_students_age_18_to_74_economically_inactive,0.00024104,Economic,full_time_students_age_18_to_74_economically_inactive,220
females_NS_SeC_higher_professional,0.000240859,Economic,females_NS_SeC_higher_professional,221
age_26,0.000239684,Demographic,people_age_26,222
age_median,0.000238739,Demographic,median_age,223
age_of_HRP_35_less,0.000238347,Social,people_age_of_HRP_35_less,224
very_bad_health,0.000237791,Demographic,people_very_bad_health,225
people_NS_SeC_lower_supervisory_technical,0.000234699,Economic,people_NS_SeC_lower_supervisory_technical,226
age_35_to_54_youngest_dependent_child_age_11_to_15,0.000234574,Social,people_age_35_to_54_youngest_dependent_child_age_11_to_15,227
household_private_rented,0.000234453,Social,households_private_rented,228
age_55_to_64_2_plus_person_household_no_dependent_children,0.000231984,Social,people_age_55_to_64_2_plus_person_household_no_dependent_children,229
age_41,0.000230635,Demographic,people_age_41,230
not_living_in_couple_single_never_married_or_registered_same_sex_civil_partnership,0.000230314,Social,people_not_living_in_couple_single_never_married_or_registered_same_sex_civil_partnership,231
males_full_time_worked_49_hours_plus,0.00022937,Economic,males_full_time_worked_49_hours_plus,232
people_industry_financial_insurance,0.000229018,Economic,people_industry_financial_insurance,233
age_of_HRP_55_to_64_2_person_household_no_dependent_children,0.000228681,Social,people_age_of_HRP_55_to_64_2_person_household_no_dependent_children,234
age_of_HRP_35_less_2_person_household_no_dependent_children,0.000226849,Social,people_age_of_HRP_35_less_2_person_household_no_dependent_children,235
people_industry_manufacturing,0.000226542,Economic,people_industry_manufacturing,236
country_of_birth_Wales,0.000225598,Demographic,people_country_of_birth_Wales,237
other_household_all_full_time_student,0.000224128,Social,households_other_all_full_time_student,238
age_25_to_34_no_dependent_children,0.000223977,Social,people_age_25_to_34_no_dependent_children,239
ethnicty_asian_Bangladeshi,0.000222651,Demographic,people_ethnicty_asian_Bangladeshi,240
1_family_only_households_married_couple,0.00022231,Social,people_1_family_only_households_married_couple,241
age_30_to_44,0.000222067,Demographic,people_age_30_to_44,242
country_of_birth_other_EU_member_countries_in_March_2001,0.000221778,Demographic,people_country_of_birth_other_EU_member_countries_in_March_2001,243
males_in_employment_self_employed,0.000221766,Economic,males_in_employment_self_employed,244
1_family_only_households_married_couple_2_plus_dependent_children,0.000219299,Social,people_1_family_only_households_married_couple_2_plus_dependent_children,245
disability_daily_activities_limited_a_little,0.000219234,Demographic,people_disability_daily_activities_limited_a_little,246
age_10,0.00021837,Demographic,people_age_10,247
people_NS_SeC_small_employers_own_account_workers,0.000213886,Economic,people_NS_SeC_small_employers_own_account_workers,248
school_children_full_time_students_at_non_term_time_address,0.000211147,Social,school_children_full_time_students_at_non_term_time_address,249
age_20_to_24,0.000210677,Demographic,people_age_20_to_24,250
age_of_HRP_35_to_54_2_person_household_no_dependent_children,0.000210076,Social,people_age_of_HRP_35_to_54_2_person_household_no_dependent_children,251
age_16_to_24_no_dependent_children,0.000209524,Social,people_age_16_to_24_no_dependent_children,252
peope_living_in_a_couple_married,0.000207693,Social,peope_living_in_a_couple_married,253
people_ecominically_inactive_student,0.000207326,Economic,people_ecominically_inactive_student,254
households_with_dependent_children_all_ages,0.000207221,Social,households_dependent_children_all_ages,255
age_35_to_54_youngest_dependent_child_age_0_to_4,0.000205423,Social,people_age_35_to_54_youngest_dependent_child_age_0_to_4,256
people_industry_construction,0.000204656,Economic,people_industry_construction,257
age_75_plus_2_plus_person_household,0.000204456,Social,people_age_75_plus_2_plus_person_household,258
females_NS_SeC_higher_managerial_administrative_professional,0.000203982,Economic,females_NS_SeC_higher_managerial_administrative_professional,259
other_household_1_dependent_child,0.000203578,Social,households_other_1_dependent_child,260
age_11,0.00020335,Demographic,people_age_11,261
age_37,0.000202018,Demographic,people_age_37,262
age_18_to_19,0.000201872,Demographic,people_age_18_to_19,263
females,0.000201548,Demographic,females,264
nationality_no_British,0.000198612,Demographic,people_nationality_no_British,265
age_16_to_24_dependent_children,0.000198209,Social,people_age_16_to_24_dependent_children,266
age_24,0.000197627,Demographic,people_age_24,267
age_of_HRP_55_to_64,0.000197104,Social,people_age_of_HRP_55_to_64,268
males_full_time_worked_31_to_48_hours,0.000197083,Economic,males_full_time_worked_31_to_48_hours,269
age_27,0.000196573,Demographic,people_age_27,270
age_68,0.000196057,Demographic,people_age_68,271
1_person_households_lone_parent_2_plus_dependent_children,0.000195894,Social,people_1_person_households_lone_parent_2_plus_dependent_children,272
age_35_to_54,0.000195135,Demographic,people_age_35_to_54,273
females_full_time_student,0.000194954,Economic,females_full_time_student,274
age_30,0.000194471,Demographic,people_age_30,275
people_industry_wholesale_and_retail_trade,0.000194173,Economic,people_industry_wholesale_and_retail_trade,276
other_household_3_plus_adults_and_1_plus_children,0.000193738,Social,households_other_3_plus_adults_and_1_plus_children,277
multi_person_households_other,0.000192802,Social,households_multi_person_other,278
males_industry_education,0.000192647,Economic,males_industry_education,279
males_occupation_sales_customer_service,0.000191069,Economic,males_occupation_sales_customer_service,280
people_not_living_in_a_couple_married_or_in_a_registered_same_sex_civil_partnership,0.000190861,Social,people_not_living_in_a_couple_married_or_in_a_registered_same_sex_civil_partnership,281
age_66,0.000190389,Demographic,people_age_66,282
country_of_birth_United_Kingdom,0.000188006,Demographic,people_country_of_birth_United_Kingdom,283
households_central_heating,0.000187939,Social,households_central_heating,284
age_60_to_64,0.00018636,Demographic,people_age_60_to_64,285
males_occupation_managers_directors_senior_officials,0.000186102,Economic,males_occupation_managers_directors_senior_officials,286
age_5,0.000185394,Demographic,people_age_5,287
age_75_to_84,0.000184319,Demographic,people_age_75_to_84,288
age_33,0.000184261,Demographic,people_age_33,289
males_occupation_administrative_secretarial,0.000183977,Economic,males_occupation_administrative_secretarial,290
other_households,0.000183861,Social,people_other_households,291
age_of_HRP_35_to_54_2_person_household_dependent_children,0.00018291,Social,people_age_of_HRP_35_to_54_2_person_household_dependent_children,292
cohabiting_couple_households_no_dependent_children,0.000182784,Social,households_cohabiting_couple_no_dependent_children,293
females_in_employment_part_time,0.000181233,Economic,females_in_employment_part_time,294
second_address_outside_UK,0.000180915,Economic,people_second_address_outside_UK,295
males_industry_financial_insurance,0.000180835,Economic,males_industry_financial_insurance,296
no_second_address,0.000180762,Economic,people_no_second_address,297
females_industry_accommodation_food_service,0.000180728,Economic,females_industry_accommodation_food_service,298
age_12,0.00018009,Demographic,people_age_12,299
good_health,0.000179064,Demographic,people_good_health,300
females_industry_public_administration_defence,0.000178974,Economic,females_industry_public_administration_defence,301
peope_living_in_a_couple_cohabiting_opposite_sex,0.000177323,Social,peope_living_in_a_couple_cohabiting_opposite_sex,302
age_72,0.000177122,Demographic,people_age_72,303
people_occupation_skilled_trades,0.000176838,Economic,people_occupation_skilled_trades,304
people_unemployed_long_term_unemployed,0.000175709,Economic,people_unemployed_long_term_unemployed,305
females_occupation_elementary,0.000175598,Economic,females_occupation_elementary,306
nationality_one_plus_of_English_Welsh_Scottish_Northern Irish_British,0.000174948,Demographic,people_nationality_one_plus_of_English_Welsh_Scottish_Northern Irish_British,307
females_industry_wholesale_and_retail_trade,0.000174517,Economic,females_industry_wholesale_and_retail_trade,308
age_20,0.000174144,Demographic,people_age_20,309
age_31,0.000173349,Demographic,people_age_31,310
1_family_only_household,0.000172951,Social,households_1_family_only,311
age_16_to_17,0.000172898,Demographic,people_age_16_to_17,312
age_25_to_34_youngest_dependent_child_age_0_to_4,0.0001716,Social,people_age_25_to_34_youngest_dependent_child_age_0_to_4,313
households_no_central_heating,0.000171291,Social,households_no_central_heating,314
age_90_plus,0.000170844,Demographic,people_age_90_plus,315
nationality_Welsh_only,0.000170702,Demographic,people_nationality_Welsh_only,316
females_NS_SeC_lower_supervisory_technical,0.000169867,Economic,females_NS_SeC_lower_supervisory_technical,317
females_occupation_sales_customer_service,0.000169506,Economic,females_occupation_sales_customer_service,318
other_household_types,0.000169405,Social,households_other_types,319
people_industry_administrative_support,0.000169306,Economic,people_industry_administrative_support,320
males_ecominically_inactive_student,0.000168805,Economic,males_ecominically_inactive_student,321
males_occupation_skilled_trades,0.000167725,Economic,males_occupation_skilled_trades,322
people_unemployed_age_50_to_74,0.000167414,Economic,people_unemployed_age_50_to_74,323
age_19,0.000166166,Demographic,people_age_19,324
not_living_in_couple_married_or_registered_same_sex_civil_partnership,0.000166153,Social,people_not_living_in_couple_married_or_registered_same_sex_civil_partnership,325
age_17,0.000164534,Demographic,people_age_17,326
student,0.000163535,Demographic,student,327
females_ecominically_inactive_retired,0.000161687,Economic,females_ecominically_inactive_retired,328
not_living_in_couple_separated_but_still_legally_married_or_still_legally_in_a_same_sex_civil_partnership,0.000161116,Social,people_not_living_in_couple_separated_but_still_legally_married_or_still_legally_in_a_same_sex_civil_partnership,329
average_household_size,0.000161052,Economic,average_household_size,330
households_with_one_person_with_long_term_health_problem_or_disability,0.000160848,Social,households_one_person_with_long_term_health_problem_or_disability,331
households_with_no_adults_in_employment_no_dependent_children,0.000160776,Social,households_no_adults_in_employment_no_dependent_children,332
age_25,0.000159747,Demographic,people_age_25,333
males_ecominically_inactive_looking_after_home_or_family,0.000159286,Economic,males_ecominically_inactive_looking_after_home_or_family,334
age_65_to_74_1_person_household,0.000158808,Social,people_age_65_to_74_1_person_household,335
people_schoolchildren_and_full_time_students_age_18_plus,0.000158799,Economic,people_schoolchildren_and_full_time_students_age_18_plus,336
provides_20_to_49_hours_unpaid_care_per_week,0.000158683,Social,people_provide_20_to_49_hours_unpaid_care_per_week,337
females_unemployed_age_16_to_24,0.000155827,Economic,females_unemployed_age_16_to_24,338
age_42,0.000154274,Demographic,people_age_42,339
age_63,0.000154207,Demographic,people_age_63,340
married_couple_households_dependent_children,0.000153957,Social,households_married_couple_dependent_children,341
age_23,0.000153752,Demographic,people_age_23,342
females_part_time_worked_16_to_30_hours,0.00015349,Economic,females_part_time_worked_16_to_30_hours,343
females_occupation_process_plant_machine_operatives,0.000153279,Economic,females_occupation_process_plant_machine_operatives,344
age_7,0.000153035,Demographic,people_age_7,345
age_14,0.000152514,Demographic,people_age_14,346
age_51,0.000151589,Demographic,people_age_51,347
age_43,0.000151355,Demographic,people_age_43,348
people_not_living_in_a_couple_separated_but_still_legally_married_or_still_legally_in_a_same_sex_civil_partnership,0.000151133,Social,people_not_living_in_a_couple_separated_but_still_legally_married_or_still_legally_in_a_same_sex_civil_partnership,349
people_living_in_a_couple,0.000150768,Social,people_living_in_a_couple,350
females_industry_information_communication,0.000150026,Economic,females_industry_information_communication,351
females_occupation_managers_directors_senior_officials,0.000149516,Economic,females_occupation_managers_directors_senior_officials,352
people_industry_real_estate,0.000148761,Economic,people_industry_real_estate,353
females_industry_administrative_support,0.00014872,Economic,females_industry_administrative_support,354
females_ecominically_inactive_other,0.000148572,Economic,females_ecominically_inactive_other,355
age_of_HRP_35_to_54,0.000148315,Social,people_age_of_HRP_35_to_54,356
household_private_rented_other,0.000148093,Social,households_private_rented_other,357
males_industry_administrative_support,0.000147575,Economic,males_industry_administrative_support,358
age_35_to_54_youngest_dependent_child_age_16_to_18,0.000146504,Social,people_age_35_to_54_youngest_dependent_child_age_16_to_18,359
households_with_one_person_with_long_term_health_problem_or_disability_no_dependent_children,0.000146319,Social,households_one_person_long_term_health_problem_or_disability_no_dependent_children,360
age_86,0.000146267,Demographic,people_age_86,361
living_in_couple_cohabiting,0.000146128,Social,people_living_in_couple_cohabiting,362
age_32,0.00014495,Demographic,people_age_32,363
people_occupation_sales_customer_service,0.000144598,Economic,people_occupation_sales_customer_service,364
age_34,0.000143082,Demographic,people_age_34,365
age_15,0.000142777,Demographic,people_age_15,366
age_50,0.000142752,Demographic,people_age_50,367
male_lone_parent_not_in_employment,0.000141647,Social,households_male_lone_parent_not_in_employment,368
1_person_household_lone_parent_all_children_not_dependent,0.000141067,Social,households_1_person_lone_parent_all_children_not_dependent,369
age_16,0.000140778,Demographic,people_age_16,370
other_household_1_adult_age_16_to_64_and_1_age_65_plus_and_no_children_or_2_adults_age_65_plus_and_no_children,0.000140754,Social,households_other_1_adult_age_16_to_64_and_1_age_65_plus_and_no_children_or_2_adults_age_65_plus_and_no_children,371
males_unemployed_long_term_unemployed,0.000140413,Economic,males_unemployed_long_term_unemployed,372
females_industry_agriculture_forestry_fishing,0.000140141,Economic,females_industry_agriculture_forestry_fishing,373
age_40,0.000139984,Demographic,people_age_40,374
people_highest_level_of_qualification_apprenticeship,0.000138936,Economic,people_highest_level_of_qualification_apprenticeship,375
age_2,0.00013851,Demographic,people_age_2,376
country_of_birth_Ireland,0.000137696,Demographic,people_country_of_birth_Ireland,377
age_28,0.000137389,Demographic,people_age_28,378
age_0_to_4,0.000137003,Demographic,people_age_0_to_4,379
females_industry_financial_insurance,0.000136264,Economic,females_industry_financial_insurance,380
people_NS_SeC_long_term_unemployed,0.000136207,Economic,people_NS_SeC_long_term_unemployed,381
other_households_no_adults_or_1_adult_and_1_plus_children,0.000136053,Social,households_other_no_adults_or_1_adult_and_1_plus_children,382
age_53,0.000135957,Demographic,people_age_53,383
age_46,0.000135908,Demographic,people_age_46,384
age_18,0.000135528,Demographic,people_age_18,385
ethnicity_white_Irish,0.000133955,Demographic,people_ethnicity_white_Irish,386
age_38,0.000133499,Demographic,people_age_38,387
age_59,0.000133428,Demographic,people_age_59,388
people_industry_water supply_sewerage_waste_management_remediation,0.000133077,Economic,people_industry_water supply_sewerage_waste_management_remediation,389
age_54,0.000132938,Demographic,people_age_54,390
people_part_time_worked_16_to_30_hours,0.000132933,Economic,people_part_time_worked_16_to_30_hours,391
nationality_other_other,0.000131883,Demographic,people_nationality_other_other,392
disability_daily_activities_not_limited,0.000131636,Demographic,people_disability_daily_activities_not_limited,393
people_full_time_worked_31_to_48_hours,0.000131205,Economic,people_full_time_worked_31_to_48_hours,394
male_school_children_full_time_students_at_non_term_time_address,0.000130622,Social,male_school_children_full_time_students_at_non_term_time_address,395
one_family_household_married_or_same_sex_civil_partnership_no_children,0.000130317,Social,households_one_family_married_or_same_sex_civil_partnership_no_children,396
ethnicty_asian_Chinese,0.000130237,Demographic,people_ethnicty_asian_Chinese,397
people_industry_other,0.000129759,Economic,people_industry_other,398
females_employed,0.000129276,Economic,females_employed,399
0_or_2_plus_adults_in_household,0.000129264,Social,households_0_or_2_plus_adults_in,400
age_9,0.000128949,Demographic,people_age_9,401
age_60,0.000128609,Demographic,people_age_60,402
age_47,0.000127117,Demographic,people_age_47,403
males_age_16_to_74,0.000126717,Demographic,males_age_16_to_74,404
age_61,0.000126129,Demographic,people_age_61,405
age_21,0.000125618,Demographic,people_age_21,406
males_NS_SeC_full_time_students,0.000124034,Economic,males_NS_SeC_full_time_students,407
lone_parent_households_no_dependent_children,0.000123827,Social,households_lone_parent_no_dependent_children,408
other_households_1_adult_age_16_to_64_and_1_age_65_plus_and_no_children_or_2_adults_age_65_plus_and_no_children,0.000123661,Social,households_other_1_adult_age_16_to_64_and_1_age_65_plus_and_no_children_or_2_adults_age_65_plus_and_no_children,409
females_age_16_to_74,0.000123648,Demographic,females_age_16_to_74,410
ethnicty_other_other,0.000122638,Demographic,people_ethnicty_other_other,411
people_unemployed_never_worked,0.000122607,Economic,people_unemployed_never_worked,412
ethnicty_asian_other,0.000121969,Demographic,people_ethnicty_asian_other,413
other_household_types_dependent_children,0.00012196,Social,households_other_types_dependent_children,414
people_ecominically_inactive_retired,0.00012016,Economic,people_ecominically_inactive_retired,415
age_8_to_9,0.000119044,Demographic,people_age_8_to_9,416
age_39,0.000118719,Demographic,people_age_39,417
age_49,0.000118616,Demographic,people_age_49,418
age_52,0.000118519,Demographic,people_age_52,419
age_64,0.000118169,Demographic,people_age_64,420
males_part_time_worked_15_hours_or_less,0.000118163,Economic,males_part_time_worked_15_hours_or_less,421
age_76,0.000118072,Demographic,people_age_76,422
1_person_households_other,0.000117134,Social,people_1_person_households_other,423
1_family_only_household_cohabiting_couple_1_dependent_child,0.000115278,Social,households_1_family_only_cohabiting_couple_1_dependent_child,424
full_time_students_age_18_to_74_economically_active_employed,0.000114885,Economic,full_time_students_age_18_to_74_economically_active_employed,425
one_family_household,0.000114784,Social,households_one_family,426
other_households_other,0.000114776,Social,people_other_households_other,427
age_22,0.000114639,Demographic,people_age_22,428
age_44,0.000114087,Demographic,people_age_44,429
females_industry_other,0.000114009,Economic,females_industry_other,430
people_schoolchildren_and_full_time_students_age_16_to_17,0.000113777,Economic,people_schoolchildren_and_full_time_students_age_16_to_17,431
1_family_only_households_married_couple_1_dependent_child,0.000113745,Social,people_1_family_only_households_married_couple_1_dependent_child,432
males_full_time_student,0.00011327,Economic,males_full_time_student,433
males_NS_SeC_long_term_unemployed,0.000112002,Economic,males_NS_SeC_long_term_unemployed,434
males_NS_SeC_large_employers_higher_managerial_administrative,0.000111892,Economic,males_NS_SeC_large_employers_higher_managerial_administrative,435
1_family_households,0.000111834,Social,people_1_family_households,436
age_29,0.000111426,Demographic,people_age_29,437
females_full_time_worked_49_hours_plus,0.000111274,Economic,females_full_time_worked_49_hours_plus,438
age_0,0.000110551,Demographic,people_age_0,439
age_1,0.00011011,Demographic,people_age_1,440
age_55,0.000109365,Demographic,people_age_55,441
people_NS_SeC_full_time_students,0.000109355,Economic,people_NS_SeC_full_time_students,442
nationality_English_other,0.000109296,Demographic,people_nationality_English_other,443
age_58,0.00010805,Demographic,people_age_58,444
age_79,0.000107815,Demographic,people_age_79,445
males_ecominically_inactive_retired,0.000107414,Economic,males_ecominically_inactive_retired,446
females_in_employment_full_time,0.000107297,Economic,females_in_employment_full_time,447
people_not_living_in_a_couple_divorced_or_formerly_in_a_same_sex_civil_partnership_which_is_now_legally_dissolved,0.000107094,Social,people_not_living_in_a_couple_divorced_or_formerly_in_a_same_sex_civil_partnership_which_is_now_legally_dissolved,448
females_occupation_skilled_trades,0.000106954,Economic,females_occupation_skilled_trades,449
males_industry_other,0.000106855,Economic,males_industry_other,450
households_with_dependent_children_age_0_to_4,0.000106184,Social,households_dependent_children_age_0_to_4,451
females_NS_SeC_full_time_students,0.000106032,Economic,females_NS_SeC_full_time_students,452
female_school_children_full_time_students_at_non_term_time_address,0.000106005,Social,female_school_children_full_time_students_at_non_term_time_address,453
1_person_households_1_person_age_65_plus,0.000105872,Social,households_1_person_1_person_age_65_plus,454
age_of_HRP_65_plus_2_person_household_no_dependent_children,0.000105115,Social,people_age_of_HRP_65_plus_2_person_household_no_dependent_children,455
females_industry_manufacturing,0.000105104,Economic,females_industry_manufacturing,456
other_household_types_other,0.000103868,Social,households_other_types_other,457
1_person_households_lone_parent_1_dependent_child,0.00010362,Social,people_1_person_households_lone_parent_1_dependent_child,458
country_of_birth_Northern_Ireland,0.000103536,Demographic,people_country_of_birth_Northern_Ireland,459
age_3,0.000103229,Demographic,people_age_3,460
female_lone_parent_part_time_employment,0.000102348,Social,households_female_lone_parent_part_time_employment,461
ethnicty_mixed_other,0.000101546,Demographic,people_ethnicty_mixed_other,462
not_living_in_couple_divorced_or_formerly_in_same_sex_civil_partnership,0.000101455,Social,people_not_living_in_couple_divorced_or_formerly_in_same_sex_civil_partnership,463
nationality_Scottish_only,0.000101282,Demographic,people_nationality_Scottish_only,464
1_family_only_household_married_couple_no_children,0.000100353,Social,households_1_family_only_married_couple_no_children,465
other_households_2_adults_and_1_or_2_children,0.000100307,Social,households_other_2_adults_and_1_or_2_children,466
age_56,9.91E-05,Demographic,people_age_56,467
people_NS_SeC_not_classified,9.89E-05,Economic,people_NS_SeC_not_classified,468
1_family_only_household_cohabiting_couple_no_children,9.88E-05,Social,households_1_family_only_cohabiting_couple_no_children,469
lone_parent_dependent_children,9.83E-05,Social,households_lone_parent_dependent_children,470
religion_other,9.78E-05,Demographic,people_religion_other,471
ethnicty_mixed_white_asian,9.65E-05,Demographic,people_ethnicty_mixed_white_asian,472
lone_parent_full_time_employment,9.58E-05,Social,households_lone_parent_full_time_employment,473
females_in_employment,9.54E-05,Economic,females_in_employment,474
household_living_rent_free,9.32E-05,Social,households_living_rent_free,475
age_8,9.32E-05,Demographic,people_age_8,476
males_industry_water supply_sewerage_waste_management_remediation,9.28E-05,Economic,males_industry_water supply_sewerage_waste_management_remediation,477
age_57,9.21E-05,Demographic,people_age_57,478
people_in_employment,9.21E-05,Economic,people_in_employment,479
age_35,9.20E-05,Demographic,people_age_35,480
total_people_age_16_plus,9.16E-05,Demographic,people_age_16_plus,481
age_82,9.10E-05,Demographic,people_age_82,482
age_71,9.08E-05,Demographic,people_age_71,483
females_full_time_worked_31_to_48_hours,9.07E-05,Economic,females_full_time_worked_31_to_48_hours,484
people_in_employment_part_time,9.06E-05,Economic,people_in_employment_part_time,485
age_of_HRP_55_to_64_1_person_household,9.00E-05,Social,people_age_of_HRP_55_to_64_1_person_household,486
provides_no_unpaid_care,8.88E-05,Social,people_provide_no_unpaid_care,487
age_25_to_34_youngest_dependent_child_age_11_to_15,8.87E-05,Social,people_age_25_to_34_youngest_dependent_child_age_11_to_15,488
people_industry_agriculture_forestry_fishing,8.86E-05,Economic,people_industry_agriculture_forestry_fishing,489
age_89,8.84E-05,Demographic,people_age_89,490
religion_Buddhist,8.78E-05,Demographic,people_religion_Buddhist,491
males_in_employment,8.77E-05,Economic,males_in_employment,492
households_main_language_some_age_16_plus_English,8.77E-05,Demographic,households_main_language_some_age_16_plus_English,493
males_unemployed_age_50_to_74,8.70E-05,Economic,males_unemployed_age_50_to_74,494
female_lone_parent_full_time_employment,8.68E-05,Social,households_female_lone_parent_full_time_employment,495
age_65_to_74_dependent_children,8.66E-05,Social,people_age_65_to_74_dependent_children,496
one_person_household_age_65_plus,8.52E-05,Social,households_one_person_age_65_plus,497
age_48,8.47E-05,Demographic,people_age_48,498
age_77,8.42E-05,Demographic,people_age_77,499
one_person_household,8.40E-05,Social,households_one_person,500
females_unemployed_never_worked,8.36E-05,Economic,females_unemployed_never_worked,501
other_household_2_adults_age_16_to_64_no_children,8.34E-05,Social,households_other_2_adults_age_16_to_64_no_children,502
household_spaces_with_one_plus_usual_resident,8.34E-05,Environmental,household_spaces_with_one_plus_usual_resident,503
age_67,8.29E-05,Demographic,people_age_67,504
age_45,8.21E-05,Demographic,people_age_45,505
females_NS_SeC_large_employers_higher_managerial_administrative,8.20E-05,Economic,females_NS_SeC_large_employers_higher_managerial_administrative,506
age_83,8.18E-05,Demographic,people_age_83,507
people_ecominically_active,8.14E-05,Economic,people_ecominically_active,508
1_family_only_households_cohabiting_couple,8.14E-05,Social,people_1_family_only_households_cohabiting_couple,509
age_4,8.11E-05,Demographic,people_age_4,510
age_36,8.09E-05,Demographic,people_age_36,511
1_person_household_age_65_plus,8.07E-05,Social,households_1_person_age_65_plus,512
ethnicty_other,8.06E-05,Demographic,people_ethnicty_other,513
people_not_living_in_a_couple_widowed_or_surviving_partner_from_a_same_sex_civil_partnership,8.05E-05,Social,people_not_living_in_a_couple_widowed_or_surviving_partner_from_a_same_sex_civil_partnership,514
one_family_household_cohabiting_couple,8.04E-05,Social,households_one_family_cohabiting_couple,515
age_80,8.04E-05,Demographic,people_age_80,516
other_households_2_adults_age_16_to_64_no_children,7.98E-05,Social,households_other_2_adults_age_16_to_64_no_children,517
people_in_employment_full_time,7.98E-05,Economic,people_in_employment_full_time,518
age_65,7.89E-05,Demographic,people_age_65,519
males_NS_SeC_not_classified,7.84E-05,Economic,males_NS_SeC_not_classified,520
males_ecominically_active,7.83E-05,Economic,males_ecominically_active,521
one_family_household_cohabiting_couple_dependent_children,7.78E-05,Social,households_one_family_cohabiting_couple_dependent_children,522
age_73,7.77E-05,Demographic,people_age_73,523
age_78,7.71E-05,Demographic,people_age_78,524
1_person_households,7.70E-05,Social,people_1_person_households,525
age_62,7.49E-05,Demographic,people_age_62,526
females_NS_SeC_not_classified,7.41E-05,Economic,females_NS_SeC_not_classified,527
females_industry_transport_storage,7.37E-05,Economic,females_industry_transport_storage,528
age_74,7.33E-05,Demographic,people_age_74,529
total_adults,7.32E-05,Social,households,530
1_person_households_lone_parent,7.29E-05,Social,people_1_person_households_lone_parent,531
males,7.26E-05,Demographic,males,532
religion_Hindu,7.12E-05,Demographic,people_religion_Hindu,533
other_households_2_adults_and_3_plus_children,7.12E-05,Social,households_other_2_adults_and_3_plus_children,534
nationality_Welsh_British_only,7.09E-05,Demographic,people_nationality_Welsh_British_only,535
disability_daily_activities_not_limited_age_16_to_64,7.07E-05,Demographic,people_disability_daily_activities_not_limited_age_16_to_64,536
1_person_household_1_person_age_65_plus,7.07E-05,Social,households_1_person_1_person_age_65_plus,537
one_family_household_lone_parent_dependent_children,7.06E-05,Social,households_one_family_lone_parent_dependent_children,538
1_person_household_other,6.94E-05,Social,households_1_person_other,539
unshared_dwellings,6.92E-05,Environmental,dwellings_unshared,540
females_industry_water supply_sewerage_waste_management_remediation,6.90E-05,Economic,females_industry_water supply_sewerage_waste_management_remediation,541
lone_parent_part_time_employment,6.90E-05,Social,households_lone_parent_part_time_employment,542
age_85,6.79E-05,Demographic,people_age_85,543
total_dwellings,6.77E-05,Environmental,dwellings,544
females_industry_real_estate,6.76E-05,Economic,females_industry_real_estate,545
nationality_Irish_only,6.65E-05,Demographic,people_nationality_Irish_only,546
females_NS_SeC_long_term_unemployed,6.64E-05,Economic,females_NS_SeC_long_term_unemployed,547
age_75,6.63E-05,Demographic,people_age_75,548
age_70,6.62E-05,Demographic,people_age_70,549
household_spaces,6.48E-05,Environmental,household_spaces,550
1_person_household_1_person_age_64_less,6.41E-05,Social,households_1_person_1_person_age_64_less,551
one_person_household_other,6.35E-05,Social,households_one_person_other,552
age_81,6.28E-05,Demographic,people_age_81,553
religion_Sikh,6.25E-05,Demographic,people_religion_Sikh,554
age_55_to_64_1_person_household,6.25E-05,Social,people_age_55_to_64_1_person_household,555
age_55_to_64_dependent_children,6.22E-05,Social,people_age_55_to_64_dependent_children,556
1_family_only_households_cohabiting_couple_1_dependent_child,6.20E-05,Social,people_1_family_only_households_cohabiting_couple_1_dependent_child,557
one_family_household_all_age_65_plus,6.18E-05,Social,households_one_family_all_age_65_plus,558
females_industry_construction,6.10E-05,Economic,females_industry_construction,559
age_69,6.07E-05,Demographic,people_age_69,560
females_ecominically_active,6.05E-05,Economic,females_ecominically_active,561
household_shared_ownership_part_owned_and_part_rented,6.02E-05,Social,households_shared_ownership_part_owned_and_part_rented,562
male_lone_parent,5.93E-05,Social,households_male_lone_parent,563
nationality_Welsh_other,5.92E-05,Demographic,people_nationality_Welsh_other,564
1_person_households_age_65_plus,5.89E-05,Social,people_1_person_households_age_65_plus,565
ethnicty_mixed_white_black_African,5.80E-05,Demographic,people_ethnicty_mixed_white_black_African,566
1_family_only_households_married_couple_no_children,5.79E-05,Social,people_1_family_only_households_married_couple_no_children,567
multi_person_households_all_full_time_students,5.77E-05,Social,households_multi_person_all_full_time_students,568
age_of_HRP_65_plus_1_person_household,5.64E-05,Social,people_age_of_HRP_65_plus_1_person_household,569
1_person_households_1_person_age_64_less,5.63E-05,Social,households_1_person_1_person_age_64_less,570
age_of_HRP_55_to_64_2_person_household_dependent_children,5.56E-05,Social,people_age_of_HRP_55_to_64_2_person_household_dependent_children,571
one_family_household_lone_parent,5.52E-05,Social,households_one_family_lone_parent,572
nationality_Northern_Irish_only,5.50E-05,Demographic,people_nationality_Northern_Irish_only,573
1_person_households_lone_parent_all_children_not_dependent,5.47E-05,Social,people_1_person_households_lone_parent_all_children_not_dependent,574
not_living_in_a_couple_widowed_or_surviving_partner_from_a_same_sex_civil_partnership,5.38E-05,Social,people_not_living_in_a_couple_widowed_or_surviving_partner_from_a_same_sex_civil_partnership,575
one_family_household_married_or_same_sex_civil_partnership_no_dependent_children,5.38E-05,Social,households_one_family_married_or_same_sex_civil_partnership_no_dependent_children,576
1_family_only_households_cohabiting_couple_no_children,5.37E-05,Social,people_1_family_only_households_cohabiting_couple_no_children,577
females_unemployed_long_term_unemployed,5.13E-05,Economic,females_unemployed_long_term_unemployed,578
other_households_1_dependent_child,5.11E-05,Social,people_other_households_1_dependent_child,579
one_family_household_cohabiting_couple_no_children,5.09E-05,Social,households_one_family_cohabiting_couple_no_children,580
1_person_household,5.08E-05,Social,households_1_person,581
cohabiting_couple_households_dependent_children,5.08E-05,Social,households_cohabiting_couple_dependent_children,582
age_88,5.07E-05,Demographic,people_age_88,583
other_households_3_plus_adults_and_1_plus_children,5.06E-05,Social,households_other_3_plus_adults_and_1_plus_children,584
age_84,5.05E-05,Demographic,people_age_84,585
age_87,5.03E-05,Demographic,people_age_87,586
age_90,4.98E-05,Demographic,people_age_90,587
full_time_students_age_18_to_74_economically_active_unemployed,4.95E-05,Economic,full_time_students_age_18_to_74_economically_active_unemployed,588
1_family_only_household_all_age_65_plus,4.94E-05,Social,households_1_family_only_all_age_65_plus,589
males_industry_electricity_gas_steam_air_conditioning_supply,4.85E-05,Economic,males_industry_electricity_gas_steam_air_conditioning_supply,590
peope_living_in_a_couple_in_a_registered_same_sex_civil_partnership_or_cohabiting_same_sex,4.81E-05,Social,peope_living_in_a_couple_in_a_registered_same_sex_civil_partnership_or_cohabiting_same_sex,591
people_industry_electricity_gas_steam_air_conditioning_supply,4.75E-05,Economic,people_industry_electricity_gas_steam_air_conditioning_supply,592
1_family_households_age_65_plus,4.62E-05,Social,people_1_family_households_age_65_plus,593
one_family_household_lone_parent_no_dependent_children,4.39E-05,Social,households_one_family_lone_parent_no_dependent_children,594
males_unemployed_never_worked,4.22E-05,Economic,males_unemployed_never_worked,595
males_employed,4.21E-05,Economic,males_employed,596
lives_in_household,4.13E-05,Economic,people_live_in_household,597
same_sex_civil_partnership,3.97E-05,Social,people_same_sex_civil_partnership,598
age_91,3.97E-05,Demographic,people_age_91,599
males_industry_real_estate,3.96E-05,Economic,males_industry_real_estate,600
lives_in_a_household,3.88E-05,Economic,people_live_in_a_household,601
1_family_only_households_cohabiting_couple_2_plus_dependent_children,3.77E-05,Social,people_1_family_only_households_cohabiting_couple_2_plus_dependent_children,602
males_industry_agriculture_forestry_fishing,3.75E-05,Economic,males_industry_agriculture_forestry_fishing,603
male_lone_parent_full_time_employment,3.65E-05,Social,households_male_lone_parent_full_time_employment,604
total_communal_establishments,3.50E-05,Environmental,total_communal_establishments,605
1_family_only_households_married_couple_all_children_not_dependent,3.33E-05,Social,people_1_family_only_households_married_couple_all_children_not_dependent,606
nationality_Scottish_British_only,2.86E-05,Demographic,people_nationality_Scottish_British_only,607
other_households_2_plus_dependent_children,2.82E-05,Social,people_other_households_2_plus_dependent_children,608
nationality_no_Welsh,2.79E-05,Demographic,people_nationality_no_Welsh,609
females_unemployed_age_50_to_74,2.63E-05,Economic,females_unemployed_age_50_to_74,610
religion_Jewish,2.53E-05,Demographic,people_religion_Jewish,611
nationality_no_Northern_Irish,2.46E-05,Demographic,people_nationality_no_Northern_Irish,612
other_households_all_full_time_student,2.45E-05,Social,people_other_households_all_full_time_student,613
1_family_only_household_cohabiting_couple_all_children_not_dependent,2.30E-05,Social,households_1_family_only_cohabiting_couple_all_children_not_dependent,614
age_of_HRP_65_plus_2_person_household_dependent_children,2.08E-05,Social,people_age_of_HRP_65_plus_2_person_household_dependent_children,615
lives_in_communal_establishment,1.84E-05,Economic,people_live_in_communal_establishment,616
1_family_only_households_cohabiting_couple_all_children_not_dependent,1.80E-05,Social,people_1_family_only_households_cohabiting_couple_all_children_not_dependent,617
usual_residents_by_communal_establishment_management_and_type,1.79E-05,Environmental,usual_residents_by_communal_establishment_management_and_type,618
one_family_household_cohabiting_couple_no_dependent_children,1.75E-05,Social,households_one_family_cohabiting_couple_no_dependent_children,619
other_household_types_all_students,1.67E-05,Social,households_other_types_all_students,620
age_25_to_34_youngest_dependent_child_age_16_to_18,1.62E-05,Social,people_age_25_to_34_youngest_dependent_child_age_16_to_18,621
nationality_no_Irish,1.59E-05,Demographic,people_nationality_no_Irish,622
other_household_all_age_65_plus,1.58E-05,Social,households_other_all_age_65_plus,623
caravan_or_other_mobile_or_temporary_structure,1.32E-05,Environmental,caravan_or_other_mobile_or_temporary_structure,624
nationality_no_Scottish,1.28E-05,Demographic,people_nationality_no_Scottish,625
nationality_Scottish_other,1.21E-05,Demographic,people_nationality_Scottish_other,626
age_92,1.17E-05,Demographic,people_age_92,627
age_96,1.15E-05,Demographic,people_age_96,628
other_households_all_age_65_plus,1.08E-05,Social,people_other_households_all_age_65_plus,629
other_establishments,9.97E-06,Environmental,other_establishments,630
nationality_Welsh,8.93E-06,Demographic,people_nationality_Welsh,631
male_lone_parent_part_time_employment,7.85E-06,Social,households_male_lone_parent_part_time_employment,632
lives_in_a_communal_establishment,7.40E-06,Economic,people_live_in_a_communal_establishment,633
ethnicty_other_Arab,7.36E-06,Demographic,people_ethnicty_other_Arab,634
nationality_English,7.35E-06,Demographic,people_nationality_English,635
age_94,7.19E-06,Demographic,people_age_94,636
nationality_Northern_Irish,5.88E-06,Demographic,people_nationality_Northern_Irish,637
1_family_only_household_same_sex_civil_partnership_couple,5.72E-06,Social,households_1_family_only_same_sex_civil_partnership_couple,638
ethnicity_white_gypsy_Irish_traveller,4.22E-06,Demographic,people_ethnicity_white_gypsy_Irish_traveller,639
1_family_only_households_same_sex_civil_partnership_couple,4.21E-06,Social,people_1_family_only_households_same_sex_civil_partnership_couple,640
age_93,4.18E-06,Demographic,people_age_93,641
nationality_Cornish,4.15E-06,Demographic,people_nationality_Cornish,642
same_sex_civil_partnership_couple_households_no_dependent_children,3.05E-06,Social,households_same_sex_civil_partnership_couple_no_dependent_children,643
nationality_other,3.03E-06,Demographic,people_nationality_other,644
nationality_Irish,3.02E-06,Demographic,people_nationality_Irish,645
males_industry_mining_quarrying,2.94E-06,Economic,males_industry_mining_quarrying,646
nationality_British,2.75E-06,Demographic,people_nationality_British,647
other_household_types_all_age_65_plus,2.04E-06,Social,households_other_types_all_age_65_plus,648
1_family_only_household_same_sex_civil_partnership_couple_no_children,1.85E-06,Social,households_1_family_only_same_sex_civil_partnership_couple_no_children,649
1_family_only_households_same_sex_civil_partnership_couple_no_children,1.77E-06,Social,people_1_family_only_households_same_sex_civil_partnership_couple_no_children,650
age_97,1.46E-06,Demographic,people_age_97,651
nationality_Irish_other_no_Northern_Irish,1.09E-06,Demographic,people_nationality_Irish_other_no_Northern_Irish,652
medical_and_care_establishment_other_care_home_without_nursing,9.74E-07,Environmental,medical_and_care_establishment_other_care_home_without_nursing,653
females_industry_electricity_gas_steam_air_conditioning_supply,6.12E-07,Economic,females_industry_electricity_gas_steam_air_conditioning_supply,654
people_industry_mining_quarrying,5.43E-07,Economic,people_industry_mining_quarrying,655
nationality_no_Cornish,5.25E-07,Demographic,people_nationality_no_Cornish,656
shared_dwelling_three_plus_household_spaces,2.92E-07,Environmental,dwellings_shared_three_plus_household_spaces,657
nationality_Scottish,1.08E-07,Demographic,people_nationality_Scottish,658
total_people,0,Demographic,people,659
nationality_Northern_Irish_British_only,0,Demographic,people_nationality_Northern_Irish_British_only,660
nationality_Northern_Irish_other,0,Demographic,people_nationality_Northern_Irish_other,661
nationality_Cornish_only,0,Demographic,people_nationality_Cornish_only,662
nationality_Cornish_British_only,0,Demographic,people_nationality_Cornish_British_only,663
nationality_Cornish_other,0,Demographic,people_nationality_Cornish_other,664
nationality_Irish_British_only,0,Demographic,people_nationality_Irish_British_only,665
nationality_Irish_Northern_Irish_only,0,Demographic,people_nationality_Irish_Northern_Irish_only,666
nationality_Irish_Northern_Irish_British_only,0,Demographic,people_nationality_Irish_Northern_Irish_British_only,667
nationality_Irish_Northern_Irish_other,0,Demographic,people_nationality_Irish_Northern_Irish_other,668
country_of_birth_United_Kingdom_not_otherwise_specified,0,Demographic,people_country_of_birth_United_Kingdom_not_otherwise_specified,669
shared_dwellings_two_household_spaces,0,Environmental,dwellings_shared_two_household_spaces,670
medical_and_care_establishment_NHS_general_hospital,0,Environmental,medical_and_care_establishment_NHS_general_hospital,671
medical_and_care_establishment_NHS_mental_health_hospital_unit_including_secure_units,0,Environmental,medical_and_care_establishment_NHS_mental_health_hospital_unit_including_secure_units,672
medical_and_care_establishment_NHS_other_hospital,0,Environmental,medical_and_care_establishment_NHS_other_hospital,673
medical_and_care_establishment_local_authority_childrens_home_including_secure_units,0,Environmental,medical_and_care_establishment_local_authority_childrens_home_including_secure_units,674
medical_and_care_establishment_local_authority_care_home_or_other_home,0,Environmental,medical_and_care_establishment_local_authority_care_home_or_other_home,675
medical_and_care_establishment_registered_social_landlord_housing_association,0,Environmental,medical_and_care_establishment_registered_social_landlord_housing_association,676
medical_and_care_establishment_other_care_home_with_nursing,0,Environmental,medical_and_care_establishment_other_care_home_with_nursing,677
medical_and_care_establishment_other_childrens_home_including_secure_units,0,Environmental,medical_and_care_establishment_other_childrens_home_including_secure_units,678
medical_and_care_establishment_other,0,Environmental,medical_and_care_establishment_other,679
establishment_not_stated,0,Environmental,establishment_not_stated,680
females_industry_mining_quarrying,0,Economic,females_industry_mining_quarrying,681
communal_establishments_with_persons_sleeping_rough_identified,0,Economic,communal_establishments_with_persons_sleeping_rough_identified,682
age_95,0,Demographic,people_age_95,683
age_98,0,Demographic,people_age_98,684
age_99,0,Demographic,people_age_99,685
age_100_plus,0,Demographic,people_age_100_plus,686
1_family_only_household_same_sex_civil_partnership_couple_1_dependent_child,0,Social,households_1_family_only_same_sex_civil_partnership_couple_1_dependent_child,687
1_family_only_household_same_sex_civil_partnership_couple_2_plus_dependent_children,0,Social,households_1_family_only_same_sex_civil_partnership_couple_2_plus_dependent_children,688
1_family_only_household_same_sex_civil_partnership_couple_all_children_not_dependent,0,Social,households_1_family_only_same_sex_civil_partnership_couple_all_children_not_dependent,689
1_family_only_households_same_sex_civil_partnership_couple_1_dependent_child,0,Social,people_1_family_only_households_same_sex_civil_partnership_couple_1_dependent_child,690
[1_family_only_households_same_sex_civil_partnership_couple_2_plus_dependent_children,0,Social,people_1_family_only_households_same_sex_civil_partnership_couple_2_plus_dependent_children,691
1_family_only_households_same_sex_civil_partnership_couple_all_children_not_dependent,0,Social,people_1_family_only_households_same_sex_civil_partnership_couple_all_children_not_dependent,692
same_sex_civil_partnership_couple_households_dependent_children,0,Social,households_same_sex_civil_partnership_couple_dependent_children,693
